Verkiezingsuitslagen Gemeenteraad  2010 - Nederland;;;;;;;;;;;;;;;;;;;;;;;;;;;;;;;;;;
# geldige stemmen;6581330;;;;;;;;;;;;;;;;;;;;;;;;;;;;;;;;;
# ongeldige stemmen;17101;;;;;;;;;;;;;;;;;;;;;;;;;;;;;;;;;
# blanco stemmen;14703;;;;;;;;;;;;;;;;;;;;;;;;;;;;;;;;;
Percentage blanco stemmen;0,22 %;;;;;;;;;;;;;;;;;;;;;;;;;;;;;;;;;
# kiesgerechtigden;12216546;;;;;;;;;;;;;;;;;;;;;;;;;;;;;;;;;
Opkomst;6613134;;;;;;;;;;;;;;;;;;;;;;;;;;;;;;;;;
Opkomstpercentage;54,13 %;;;;;;;;;;;;;;;;;;;;;;;;;;;;;;;;;
;;;;;;;;;;;;;;;;;;;;;;;;;;;;;;;;;;
Partij;# Stemmen;Percentage;# Zetels;;;;;;;;;;;;;;;;;;;;;;;;;;;;;;;
Lokale partijen;1559658;23,70 %;2277;;;;;;;;;;;;;;;;;;;;;;;;;;;;;;;
PvdA;1035948;15,74 %;1251;;;;;;;;;;;;;;;;;;;;;;;;;;;;;;;
VVD;1031983;15,68 %;1432;;;;;;;;;;;;;;;;;;;;;;;;;;;;;;;
CDA;975388;14,82 %;1531;;;;;;;;;;;;;;;;;;;;;;;;;;;;;;;
D66;531760;8,08 %;541;;;;;;;;;;;;;;;;;;;;;;;;;;;;;;;
GL;442925;6,73 %;436;;;;;;;;;;;;;;;;;;;;;;;;;;;;;;;
SP;273594;4,16 %;250;;;;;;;;;;;;;;;;;;;;;;;;;;;;;;;
CU;247648;3,76 %;331;;;;;;;;;;;;;;;;;;;;;;;;;;;;;;;
SGP;116371;1,77 %;197;;;;;;;;;;;;;;;;;;;;;;;;;;;;;;;
Trots op Nederland Lijst Rita Verdonk;81877;1,24 %;61;;;;;;;;;;;;;;;;;;;;;;;;;;;;;;;
CU/SGP;68163;1,04 %;90;;;;;;;;;;;;;;;;;;;;;;;;;;;;;;;
PVV;50529;0,77 %;17;;;;;;;;;;;;;;;;;;;;;;;;;;;;;;;
PvdA/GL;37208;0,57 %;62;;;;;;;;;;;;;;;;;;;;;;;;;;;;;;;
FNP;26841;0,41 %;52;;;;;;;;;;;;;;;;;;;;;;;;;;;;;;;
PvdA/GL/D66;23400;0,36 %;44;;;;;;;;;;;;;;;;;;;;;;;;;;;;;;;
PvdD;19717;0,30 %;6;;;;;;;;;;;;;;;;;;;;;;;;;;;;;;;
Verenigde Senioren Partij;14234;0,22 %;12;;;;;;;;;;;;;;;;;;;;;;;;;;;;;;;
GL/D66;13557;0,21 %;24;;;;;;;;;;;;;;;;;;;;;;;;;;;;;;;
PvdA/D66;6803;0,10 %;11;;;;;;;;;;;;;;;;;;;;;;;;;;;;;;;
PvdA/GL/D66/SP;6533;0,10 %;15;;;;;;;;;;;;;;;;;;;;;;;;;;;;;;;
VVD/D66;5159;0,08 %;11;;;;;;;;;;;;;;;;;;;;;;;;;;;;;;;
Nederlandse Moslim Partij;3266;0,05 %;0;;;;;;;;;;;;;;;;;;;;;;;;;;;;;;;
De Groenen;2911;0,04 %;0;;;;;;;;;;;;;;;;;;;;;;;;;;;;;;;
Nieuwe Communistische Partij;2177;0,03 %;3;;;;;;;;;;;;;;;;;;;;;;;;;;;;;;;
Partij voor Mens en Spirit;1369;0,02 %;0;;;;;;;;;;;;;;;;;;;;;;;;;;;;;;;
Nederlandse Klokkenluiders Partij;1336;0,02 %;0;;;;;;;;;;;;;;;;;;;;;;;;;;;;;;;
Nederlandse Volks-Unie;975;0,01 %;0;;;;;;;;;;;;;;;;;;;;;;;;;;;;;;;
;;;;;;;;;;;;;;;;;;;;;;;;;;;;;;;;;;
;;;;;;;;;;;;;;;;;;;;;;;;;;;;;;;;;;
Naam;# geldige stemmen;# ongeldige stemmen;# blanco stemmen;Percentage blanco stemmen;# kiesgerechtigden;Opkomst;Opkomstpercentage;Lokale partijen;PvdA;VVD;CDA;D66;GL;SP;CU;SGP;Trots op Nederland Lijst Rita Verdonk;CU/SGP;PVV;PvdA/GL;FNP;PvdA/GL/D66;PvdD;Verenigde Senioren Partij;GL/D66;PvdA/D66;PvdA/GL/D66/SP;VVD/D66;Nederlandse Moslim Partij;De Groenen;Nieuwe Communistische Partij;Partij voor Mens en Spirit;Nederlandse Klokkenluiders Partij;Nederlandse Volks-Unie
Aa en Hunze;12370;16;19;0,15 %;20148;12405;61,57 %;3652;3124;2298;1107;938;1251;0;0;0;0;0;0;0;0;0;0;0;0;0;0;0;0;0;0;0;0;0
Aalburg;6573;13;1;0,02 %;9330;6587;70,60 %;2049;448;471;1308;0;0;0;765;1532;0;0;0;0;0;0;0;0;0;0;0;0;0;0;0;0;0;0
Aalsmeer;11230;21;31;0,28 %;22330;11282;50,52 %;3016;0;2760;3242;0;0;0;0;0;0;0;0;0;0;2212;0;0;0;0;0;0;0;0;0;0;0;0
Aalten;12278;19;25;0,20 %;21162;12322;58,23 %;4388;1430;2017;3560;0;0;0;883;0;0;0;0;0;0;0;0;0;0;0;0;0;0;0;0;0;0;0
Achtkarspelen;11689;17;18;0,15 %;21595;11724;54,29 %;1494;1949;895;2986;0;0;0;1574;0;0;0;0;0;2791;0;0;0;0;0;0;0;0;0;0;0;0;0
Alblasserdam;8144;26;21;0,26 %;14323;8191;57,19 %;0;1857;1333;1333;928;0;0;1121;1572;0;0;0;0;0;0;0;0;0;0;0;0;0;0;0;0;0;0
Albrandswaard;10149;19;26;0,26 %;18602;10194;54,80 %;4285;1491;2756;1034;0;0;0;0;0;0;583;0;0;0;0;0;0;0;0;0;0;0;0;0;0;0;0
Alkmaar;37489;63;40;0,11 %;74458;37592;50,49 %;10090;6309;3694;2953;4231;4041;2894;758;0;2084;0;0;0;0;0;0;0;0;0;0;0;435;0;0;0;0;0
Almelo;26684;85;44;0,16 %;55795;26813;48,06 %;5147;4864;4552;4422;2043;1285;1942;1239;0;1190;0;0;0;0;0;0;0;0;0;0;0;0;0;0;0;0;0
Almere;80696;263;126;0,16 %;137463;81085;58,99 %;9120;14393;12381;3752;6693;6437;3869;2328;0;1813;0;17450;0;0;0;0;1507;0;0;0;0;953;0;0;0;0;0
Alphen aan den Rijn;29340;46;50;0,17 %;55973;29436;52,59 %;5312;3802;5826;3914;2870;2191;2150;2435;0;840;0;0;0;0;0;0;0;0;0;0;0;0;0;0;0;0;0
Alphen-Chaam;4802;19;10;0,21 %;7407;4831;65,22 %;2896;0;387;1519;0;0;0;0;0;0;0;0;0;0;0;0;0;0;0;0;0;0;0;0;0;0;0
Ameland;2144;5;5;0,23 %;2692;2154;80,01 %;1042;303;234;565;0;0;0;0;0;0;0;0;0;0;0;0;0;0;0;0;0;0;0;0;0;0;0
Amersfoort;62487;127;76;0,12 %;108378;62690;57,84 %;10902;9754;10094;5933;8017;7174;3286;5660;0;1530;0;0;0;0;0;0;0;0;0;0;0;0;0;137;0;0;0
Amstelveen;33233;73;55;0,17 %;60922;33361;54,76 %;4953;4184;8244;3237;5050;4885;1713;967;0;0;0;0;0;0;0;0;0;0;0;0;0;0;0;0;0;0;0
Amsterdam;307294;1777;1578;0,51 %;591062;310649;52,56 %;19694;90067;52039;10218;45524;46407;22266;3860;0;7096;0;0;0;0;0;7113;0;0;0;0;0;0;2001;0;1009;0;0
Anna Paulowna;5695;17;13;0,23 %;10890;5725;52,57 %;302;1432;2170;1791;0;0;0;0;0;0;0;0;0;0;0;0;0;0;0;0;0;0;0;0;0;0;0
Apeldoorn;64459;128;65;0,10 %;122225;64652;52,90 %;11542;8817;9589;9751;6164;4822;3656;5042;2724;0;0;0;0;0;0;2352;0;0;0;0;0;0;0;0;0;0;0
Appingedam;4683;8;13;0,28 %;9669;4704;48,65 %;1585;1173;370;654;502;0;0;399;0;0;0;0;0;0;0;0;0;0;0;0;0;0;0;0;0;0;0
Arnhem;54744;146;73;0,13 %;116207;54963;47,30 %;8716;9664;7605;3671;5285;6082;9601;2192;0;1600;0;0;0;0;0;0;0;0;0;0;0;0;0;0;0;0;328
Assen;27165;30;48;0,18 %;51114;27243;53,30 %;3871;6193;3800;3464;2823;1922;1722;3370;0;0;0;0;0;0;0;0;0;0;0;0;0;0;0;0;0;0;0
Asten;7466;11;12;0,16 %;12577;7489;59,55 %;2788;1367;635;1924;752;0;0;0;0;0;0;0;0;0;0;0;0;0;0;0;0;0;0;0;0;0;0
Baarle-Nassau;2843;7;5;0,18 %;5544;2855;51,50 %;1621;0;213;1009;0;0;0;0;0;0;0;0;0;0;0;0;0;0;0;0;0;0;0;0;0;0;0
Baarn;11117;22;15;0,13 %;19213;11154;58,05 %;2170;1721;2648;1548;1520;856;0;654;0;0;0;0;0;0;0;0;0;0;0;0;0;0;0;0;0;0;0
Barendrecht;17872;49;48;0,27 %;34540;17969;52,02 %;0;2289;5638;3481;1950;2137;0;0;0;0;2377;0;0;0;0;0;0;0;0;0;0;0;0;0;0;0;0
Barneveld;27261;48;15;0,06 %;38025;27324;71,86 %;3447;0;3557;4935;0;0;0;3722;6650;0;0;0;0;0;0;0;0;0;4859;0;0;0;0;0;0;91;0
Bedum;5332;6;3;0,06 %;8024;5341;66,56 %;2106;1024;315;1103;0;0;0;784;0;0;0;0;0;0;0;0;0;0;0;0;0;0;0;0;0;0;0
Beek;7986;35;16;0,20 %;13432;8037;59,83 %;3244;0;949;2095;0;0;0;0;0;0;0;0;0;0;1698;0;0;0;0;0;0;0;0;0;0;0;0
Beemster;4226;5;2;0,05 %;6705;4233;63,13 %;1375;547;726;695;883;0;0;0;0;0;0;0;0;0;0;0;0;0;0;0;0;0;0;0;0;0;0
Beesel;5701;11;16;0,28 %;10968;5728;52,22 %;2864;853;948;1036;0;0;0;0;0;0;0;0;0;0;0;0;0;0;0;0;0;0;0;0;0;0;0
Bellingwedde;4217;12;8;0,19 %;7515;4237;56,38 %;851;1027;603;537;0;411;788;0;0;0;0;0;0;0;0;0;0;0;0;0;0;0;0;0;0;0;0
Bergambacht;4965;9;9;0,18 %;7348;4983;67,81 %;2022;657;590;493;0;0;0;0;0;0;1203;0;0;0;0;0;0;0;0;0;0;0;0;0;0;0;0
Bergeijk;7766;13;27;0,35 %;14042;7806;55,59 %;1971;1162;999;3634;0;0;0;0;0;0;0;0;0;0;0;0;0;0;0;0;0;0;0;0;0;0;0
Bergen (NH);14319;25;21;0,15 %;25001;14365;57,46 %;3670;1511;3126;2014;1763;2235;0;0;0;0;0;0;0;0;0;0;0;0;0;0;0;0;0;0;0;0;0
Bergen op Zoom;25826;74;35;0,14 %;52221;25935;49,66 %;11147;3331;3768;2487;2677;1260;837;319;0;0;0;0;0;0;0;0;0;0;0;0;0;0;0;0;0;0;0
Berkelland;20982;36;24;0,11 %;35108;21042;59,94 %;3818;3192;4018;4442;4376;1136;0;0;0;0;0;0;0;0;0;0;0;0;0;0;0;0;0;0;0;0;0
Bernheze;11534;24;13;0,11 %;22599;11571;51,20 %;4307;0;950;2975;0;0;1650;0;0;0;0;0;1652;0;0;0;0;0;0;0;0;0;0;0;0;0;0
Bernisse;5764;18;23;0,40 %;9882;5805;58,74 %;2261;0;1391;1026;0;0;0;0;0;0;0;0;0;0;0;0;0;0;1086;0;0;0;0;0;0;0;0
Best;11489;36;14;0,12 %;21979;11539;52,50 %;3634;1131;1777;2886;2061;0;0;0;0;0;0;0;0;0;0;0;0;0;0;0;0;0;0;0;0;0;0
Beuningen;9486;20;29;0,31 %;19667;9535;48,48 %;3856;1539;1635;1339;0;1117;0;0;0;0;0;0;0;0;0;0;0;0;0;0;0;0;0;0;0;0;0
Beverwijk;13484;42;28;0,21 %;30606;13554;44,29 %;2404;3029;2916;1935;1228;1972;0;0;0;0;0;0;0;0;0;0;0;0;0;0;0;0;0;0;0;0;0
Binnenmaas;12545;13;16;0,13 %;22868;12574;54,99 %;3139;1705;2011;2604;553;786;0;505;1242;0;0;0;0;0;0;0;0;0;0;0;0;0;0;0;0;0;0
Bladel;7903;9;22;0,28 %;14878;7934;53,33 %;3478;880;910;1889;0;746;0;0;0;0;0;0;0;0;0;0;0;0;0;0;0;0;0;0;0;0;0
Blaricum;4424;16;7;0,16 %;7088;4447;62,74 %;1975;401;1159;372;517;0;0;0;0;0;0;0;0;0;0;0;0;0;0;0;0;0;0;0;0;0;0
Boarnsterhim;7930;11;33;0,42 %;14832;7974;53,76 %;1764;1314;1096;926;867;742;0;0;0;0;0;0;0;1221;0;0;0;0;0;0;0;0;0;0;0;0;0
Boekel;4363;9;16;0,37 %;7308;4388;60,04 %;2801;0;501;1061;0;0;0;0;0;0;0;0;0;0;0;0;0;0;0;0;0;0;0;0;0;0;0
Borger-Odoorn;10995;27;8;0,07 %;20624;11030;53,48 %;3252;2476;1699;1442;863;725;0;538;0;0;0;0;0;0;0;0;0;0;0;0;0;0;0;0;0;0;0
Borne;8984;18;13;0,14 %;16184;9015;55,70 %;3021;1576;959;2478;950;0;0;0;0;0;0;0;0;0;0;0;0;0;0;0;0;0;0;0;0;0;0
Borsele;10123;24;8;0,08 %;17212;10155;59,00 %;1607;1856;927;2761;744;0;0;0;0;0;2228;0;0;0;0;0;0;0;0;0;0;0;0;0;0;0;0
Boskoop;6671;22;16;0,24 %;11396;6709;58,87 %;0;614;1856;1807;670;889;0;0;0;0;835;0;0;0;0;0;0;0;0;0;0;0;0;0;0;0;0
Boxmeer;13566;19;27;0,20 %;22063;13612;61,70 %;6089;0;1185;3444;0;0;2848;0;0;0;0;0;0;0;0;0;0;0;0;0;0;0;0;0;0;0;0
Boxtel;12561;26;23;0,18 %;23552;12610;53,54 %;6828;0;780;1264;881;0;1102;0;0;0;0;0;1706;0;0;0;0;0;0;0;0;0;0;0;0;0;0
Breda;65689;137;106;0,16 %;137101;65932;48,09 %;5594;13001;14399;9423;9183;5922;4712;880;0;2575;0;0;0;0;0;0;0;0;0;0;0;0;0;0;0;0;0
Brielle;6520;16;12;0,18 %;12504;6548;52,37 %;442;960;1903;970;810;0;1435;0;0;0;0;0;0;0;0;0;0;0;0;0;0;0;0;0;0;0;0
Bronckhorst;16795;23;23;0,14 %;29643;16841;56,81 %;831;3009;4947;4964;1288;1292;0;0;0;0;464;0;0;0;0;0;0;0;0;0;0;0;0;0;0;0;0
Brummen;8895;18;10;0,11 %;16581;8923;53,81 %;2706;2348;2526;1315;0;0;0;0;0;0;0;0;0;0;0;0;0;0;0;0;0;0;0;0;0;0;0
Brunssum;12937;26;25;0,19 %;24148;12988;53,78 %;5079;1814;1933;990;561;0;0;0;0;719;0;0;0;0;0;0;0;1841;0;0;0;0;0;0;0;0;0
Bunnik;7997;2;1;0,01 %;11063;8000;72,31 %;2552;0;0;2655;0;0;0;0;0;0;0;0;0;0;0;0;0;0;0;0;2790;0;0;0;0;0;0
Bunschoten;9195;29;24;0,26 %;14893;9248;62,10 %;2928;0;809;2265;0;0;0;3193;0;0;0;0;0;0;0;0;0;0;0;0;0;0;0;0;0;0;0
Buren;11269;18;14;0,12 %;20011;11301;56,47 %;3372;1919;3208;1228;982;0;0;0;0;0;0;0;0;0;0;560;0;0;0;0;0;0;0;0;0;0;0
Capelle aan den IJssel;25950;77;43;0,17 %;51166;26070;50,95 %;7963;3995;3016;1988;2295;1057;1216;1435;1917;1068;0;0;0;0;0;0;0;0;0;0;0;0;0;0;0;0;0
Castricum;16934;25;33;0,19 %;27062;16992;62,79 %;6406;1979;3358;2103;1436;1652;0;0;0;0;0;0;0;0;0;0;0;0;0;0;0;0;0;0;0;0;0
Coevorden;14363;27;25;0,17 %;28161;14415;51,19 %;3625;3425;3459;2714;1140;0;0;0;0;0;0;0;0;0;0;0;0;0;0;0;0;0;0;0;0;0;0
Cranendonck;8016;10;35;0,44 %;16129;8061;49,98 %;4209;1652;728;1427;0;0;0;0;0;0;0;0;0;0;0;0;0;0;0;0;0;0;0;0;0;0;0
Cromstrijen;5957;2;2;0,03 %;10164;5961;58,65 %;1198;677;1286;1066;609;560;0;0;561;0;0;0;0;0;0;0;0;0;0;0;0;0;0;0;0;0;0
Cuijk;9853;15;20;0,20 %;18922;9888;52,26 %;2764;1111;2051;1795;1514;618;0;0;0;0;0;0;0;0;0;0;0;0;0;0;0;0;0;0;0;0;0
Culemborg;11802;33;36;0,31 %;20659;11871;57,46 %;0;1761;3723;1281;1484;1678;1208;667;0;0;0;0;0;0;0;0;0;0;0;0;0;0;0;0;0;0;0
Dalfsen;12873;15;19;0,15 %;20667;12907;62,45 %;4075;1599;1167;4177;0;0;0;1855;0;0;0;0;0;0;0;0;0;0;0;0;0;0;0;0;0;0;0
Dantumadiel;8488;9;18;0,21 %;14913;8515;57,10 %;2437;1385;0;2440;0;0;0;1129;446;0;0;0;0;651;0;0;0;0;0;0;0;0;0;0;0;0;0
De Bilt;20977;30;27;0,13 %;32725;21034;64,28 %;2794;0;4512;2605;3656;0;1591;782;871;0;0;0;4166;0;0;0;0;0;0;0;0;0;0;0;0;0;0
De Marne;4833;19;31;0,64 %;8376;4883;58,30 %;0;1254;896;1343;0;816;0;524;0;0;0;0;0;0;0;0;0;0;0;0;0;0;0;0;0;0;0
De Wolden;11467;14;11;0,10 %;18345;11492;62,64 %;3509;1487;2512;1839;747;687;0;686;0;0;0;0;0;0;0;0;0;0;0;0;0;0;0;0;0;0;0
Delft;41206;106;135;0,33 %;76480;41447;54,19 %;10833;6281;4506;4155;6445;5041;2275;1594;0;0;0;0;0;0;0;0;0;0;0;0;0;0;0;0;0;76;0
Delfzijl;10598;30;75;0,71 %;20980;10703;51,02 %;3376;2116;1730;1430;644;0;0;1302;0;0;0;0;0;0;0;0;0;0;0;0;0;0;0;0;0;0;0
Den Helder;20641;48;21;0,10 %;45709;20710;45,31 %;2630;2499;3137;2142;2526;1063;1935;1751;0;2958;0;0;0;0;0;0;0;0;0;0;0;0;0;0;0;0;0
Deurne;13153;31;38;0,29 %;24678;13222;53,58 %;6407;1408;2303;3035;0;0;0;0;0;0;0;0;0;0;0;0;0;0;0;0;0;0;0;0;0;0;0
Deventer;40865;73;49;0,12 %;73803;40987;55,54 %;7950;8004;5026;4154;6013;4886;2122;1446;0;1264;0;0;0;0;0;0;0;0;0;0;0;0;0;0;0;0;0
Diemen;9373;24;27;0,29 %;19299;9424;48,83 %;1621;1933;2050;815;887;1232;835;0;0;0;0;0;0;0;0;0;0;0;0;0;0;0;0;0;0;0;0
Dinkelland;13767;22;14;0,10 %;19645;13803;70,26 %;7864;721;1418;3764;0;0;0;0;0;0;0;0;0;0;0;0;0;0;0;0;0;0;0;0;0;0;0
Dirksland;3949;7;3;0,08 %;6381;3959;62,04 %;834;564;509;430;0;0;0;558;1054;0;0;0;0;0;0;0;0;0;0;0;0;0;0;0;0;0;0
Doesburg;5044;22;9;0,18 %;9056;5075;56,04 %;917;553;741;621;398;427;1387;0;0;0;0;0;0;0;0;0;0;0;0;0;0;0;0;0;0;0;0
Doetinchem;22433;45;29;0,13 %;43868;22507;51,31 %;0;6352;3677;4888;1929;2680;2082;0;0;0;825;0;0;0;0;0;0;0;0;0;0;0;0;0;0;0;0
Dongen;10136;17;21;0,21 %;19574;10174;51,98 %;3442;1127;1955;1682;0;0;1930;0;0;0;0;0;0;0;0;0;0;0;0;0;0;0;0;0;0;0;0
Dongeradeel;10404;22;4;0,04 %;18769;10430;55,57 %;1179;1286;957;3069;345;421;0;1248;0;0;0;0;0;1899;0;0;0;0;0;0;0;0;0;0;0;0;0
Dordrecht;46833;125;62;0,13 %;92512;47020;50,83 %;16811;6819;5542;3961;3235;4280;0;0;0;0;3638;0;0;0;0;0;2547;0;0;0;0;0;0;0;0;0;0
Drechterland;7985;12;8;0,10 %;14801;8005;54,08 %;2963;817;1529;1668;0;0;0;0;0;0;0;0;0;0;0;0;0;1008;0;0;0;0;0;0;0;0;0
Drimmelen;11407;20;22;0,19 %;21062;11449;54,36 %;5215;1269;1822;1272;1241;588;0;0;0;0;0;0;0;0;0;0;0;0;0;0;0;0;0;0;0;0;0
Dronten;16313;36;23;0,14 %;29350;16372;55,78 %;1948;1931;3674;4373;1393;1429;0;1565;0;0;0;0;0;0;0;0;0;0;0;0;0;0;0;0;0;0;0
Druten;7914;20;9;0,11 %;13871;7943;57,26 %;6810;0;262;582;260;0;0;0;0;0;0;0;0;0;0;0;0;0;0;0;0;0;0;0;0;0;0
Duiven;9715;20;12;0,12 %;19209;9747;50,74 %;3130;1371;1868;1347;0;1052;676;271;0;0;0;0;0;0;0;0;0;0;0;0;0;0;0;0;0;0;0
Echt-Susteren;16285;42;75;0,46 %;26227;16402;62,54 %;9266;705;1080;3646;0;1588;0;0;0;0;0;0;0;0;0;0;0;0;0;0;0;0;0;0;0;0;0
Edam-Volendam;12513;17;34;0,27 %;21783;12564;57,68 %;4855;1928;2659;1897;0;1174;0;0;0;0;0;0;0;0;0;0;0;0;0;0;0;0;0;0;0;0;0
Ede;49102;79;53;0,11 %;81798;49234;60,19 %;6965;5719;7147;8677;3050;3221;0;6920;7403;0;0;0;0;0;0;0;0;0;0;0;0;0;0;0;0;0;0
Eemnes;4183;10;8;0,19 %;6644;4201;63,23 %;1600;537;933;760;353;0;0;0;0;0;0;0;0;0;0;0;0;0;0;0;0;0;0;0;0;0;0
Eemsmond;7662;16;18;0,23 %;12764;7696;60,29 %;1976;2122;516;1336;0;756;0;956;0;0;0;0;0;0;0;0;0;0;0;0;0;0;0;0;0;0;0
Eersel;7907;15;20;0,25 %;14298;7942;55,55 %;2348;0;1141;2861;0;0;0;0;0;0;0;0;1557;0;0;0;0;0;0;0;0;0;0;0;0;0;0
Eindhoven;73641;167;188;0,26 %;169763;73996;43,59 %;12793;15144;11527;8472;8974;6540;6406;1331;0;2094;0;0;0;0;0;0;0;0;0;0;0;0;0;0;360;0;0
Elburg;11023;9;9;0,08 %;16742;11041;65,95 %;3887;1251;765;1579;0;0;0;1919;1622;0;0;0;0;0;0;0;0;0;0;0;0;0;0;0;0;0;0
Emmen;39960;66;39;0,10 %;86258;40065;46,45 %;10388;10177;3636;8338;2131;1745;1954;1591;0;0;0;0;0;0;0;0;0;0;0;0;0;0;0;0;0;0;0
Enkhuizen;7642;30;32;0,42 %;14241;7704;54,10 %;1659;1240;0;1059;0;379;1597;0;0;0;446;0;0;0;0;0;0;0;0;0;1262;0;0;0;0;0;0
Enschede;55481;172;98;0,18 %;123419;55751;45,17 %;7918;11691;8445;7238;7715;4826;3847;3519;0;0;0;0;0;0;0;0;0;0;0;0;0;0;0;282;0;0;0
Epe;14584;28;14;0,10 %;26038;14626;56,17 %;3953;2040;2912;2452;854;966;0;0;0;0;1407;0;0;0;0;0;0;0;0;0;0;0;0;0;0;0;0
Ermelo;12432;21;10;0,08 %;20671;12463;60,29 %;2740;0;1756;2888;0;0;0;1834;989;0;0;0;0;0;0;0;0;0;0;0;0;0;0;0;0;0;0
Etten-Leur;15908;41;8;0,05 %;32498;15957;49,10 %;6009;1725;2720;3039;1268;1147;0;0;0;0;0;0;0;0;0;0;0;0;0;0;0;0;0;0;0;0;0
Ferwerderadiel;3766;8;9;0,24 %;6763;3783;55,94 %;679;508;386;1125;0;0;0;290;0;0;0;0;0;778;0;0;0;0;0;0;0;0;0;0;0;0;0
Franekeradeel;8735;16;18;0,21 %;15968;8769;54,92 %;2206;1307;830;1727;468;589;0;467;0;0;0;0;0;1141;0;0;0;0;0;0;0;0;0;0;0;0;0
Gaasterlƒn-Sleat;4831;8;22;0,46 %;8014;4861;60,66 %;0;743;897;1413;0;0;0;352;0;0;0;0;0;1426;0;0;0;0;0;0;0;0;0;0;0;0;0
Geertruidenberg;8123;11;9;0,11 %;16696;8143;48,77 %;3917;846;715;1241;0;769;635;0;0;0;0;0;0;0;0;0;0;0;0;0;0;0;0;0;0;0;0
Geldermalsen;11926;27;14;0,12 %;19779;11967;60,50 %;2770;1591;2733;1839;993;0;0;493;1507;0;0;0;0;0;0;0;0;0;0;0;0;0;0;0;0;0;0
Geldrop-Mierlo;14666;36;34;0,23 %;29920;14736;49,25 %;6494;0;1729;2302;1161;0;915;0;0;0;0;0;2065;0;0;0;0;0;0;0;0;0;0;0;0;0;0
Gemert-Bakel;12214;22;22;0,18 %;22386;12258;54,76 %;6666;847;524;3780;397;0;0;0;0;0;0;0;0;0;0;0;0;0;0;0;0;0;0;0;0;0;0
Giessenlanden;7093;11;22;0,31 %;11000;7126;64,78 %;0;1762;2125;1565;0;0;0;1173;468;0;0;0;0;0;0;0;0;0;0;0;0;0;0;0;0;0;0
Gilze en Rijen;10185;32;35;0,34 %;19882;10252;51,56 %;4862;2315;1290;1718;0;0;0;0;0;0;0;0;0;0;0;0;0;0;0;0;0;0;0;0;0;0;0
Goedereede;6168;7;8;0,13 %;8844;6183;69,91 %;1202;735;717;923;0;0;0;538;2053;0;0;0;0;0;0;0;0;0;0;0;0;0;0;0;0;0;0
Goes;16277;29;27;0,17 %;29126;16333;56,08 %;0;2961;2958;3564;1666;1351;1576;0;0;0;2201;0;0;0;0;0;0;0;0;0;0;0;0;0;0;0;0
Goirle;9305;17;28;0,30 %;18002;9350;51,94 %;4834;977;1062;1501;0;0;931;0;0;0;0;0;0;0;0;0;0;0;0;0;0;0;0;0;0;0;0
Gorinchem;13236;29;36;0,27 %;26083;13301;50,99 %;816;3208;2526;1687;1170;1119;1344;0;0;0;1366;0;0;0;0;0;0;0;0;0;0;0;0;0;0;0;0
Gouda;32170;96;64;0,20 %;54614;32330;59,20 %;5833;5804;4094;2975;2821;2755;1231;2285;1498;2874;0;0;0;0;0;0;0;0;0;0;0;0;0;0;0;0;0
Graafstroom;5069;15;9;0,18 %;7011;5093;72,64 %;0;724;783;1401;0;0;0;1203;958;0;0;0;0;0;0;0;0;0;0;0;0;0;0;0;0;0;0
Graft-De Rijp;3305;9;12;0,36 %;4980;3326;66,79 %;399;1188;890;828;0;0;0;0;0;0;0;0;0;0;0;0;0;0;0;0;0;0;0;0;0;0;0
Grave;5487;6;9;0,16 %;9598;5502;57,32 %;1552;0;1074;1055;0;0;0;0;0;511;0;0;0;0;0;0;0;0;0;0;0;0;0;0;0;0;0
Groesbeek;8144;23;11;0,14 %;15184;8178;53,86 %;3762;1194;774;1728;0;686;0;0;0;0;0;0;0;0;0;0;0;0;0;0;0;0;0;0;0;0;0
Groningen;84394;143;182;0,22 %;156272;84719;54,21 %;14816;17040;11973;5810;7751;10539;8914;4389;0;0;0;0;0;0;0;3162;0;0;0;0;0;0;0;0;0;0;0
Grootegast;5340;8;7;0,13 %;9071;5355;59,03 %;1180;691;551;1566;0;352;0;1000;0;0;0;0;0;0;0;0;0;0;0;0;0;0;0;0;0;0;0
Gulpen-Wittem;7944;20;23;0,29 %;12060;7987;66,23 %;4301;557;0;2090;0;996;0;0;0;0;0;0;0;0;0;0;0;0;0;0;0;0;0;0;0;0;0
Haaksbergen;10643;13;18;0,17 %;19039;10674;56,06 %;2597;1944;1472;3554;1076;0;0;0;0;0;0;0;0;0;0;0;0;0;0;0;0;0;0;0;0;0;0
Haaren;5903;20;30;0,51 %;10546;5953;56,45 %;3112;0;1318;1473;0;0;0;0;0;0;0;0;0;0;0;0;0;0;0;0;0;0;0;0;0;0;0
Haarlem;62412;190;106;0,17 %;118244;62708;53,03 %;7142;10232;7976;4941;11562;9422;7670;1238;0;2229;0;0;0;0;0;0;0;0;0;0;0;0;0;0;0;0;0
Haarlemmerliede en Spaarnwoude;2364;2;3;0,13 %;4158;2369;56,97 %;0;377;768;475;569;175;0;0;0;0;0;0;0;0;0;0;0;0;0;0;0;0;0;0;0;0;0
Haarlemmermeer;54472;145;62;0,11 %;107579;54679;50,83 %;11448;5778;13273;7343;6459;4546;0;0;0;2856;2418;0;0;0;0;0;0;0;0;0;0;0;0;0;0;351;0
Halderberge;11715;52;39;0,33 %;23279;11806;50,72 %;6402;0;1740;2101;0;0;0;0;0;0;0;0;0;0;1472;0;0;0;0;0;0;0;0;0;0;0;0
Hardenberg;25063;37;30;0,12 %;44606;25130;56,34 %;3580;4321;2706;8199;0;1241;0;5016;0;0;0;0;0;0;0;0;0;0;0;0;0;0;0;0;0;0;0
Harderwijk;18964;58;45;0,24 %;33803;19067;56,41 %;5288;2631;4026;3531;0;0;0;3488;0;0;0;0;0;0;0;0;0;0;0;0;0;0;0;0;0;0;0
Hardinxveld-Giessendam;9064;9;7;0,08 %;13101;9080;69,31 %;2521;1238;611;826;0;0;0;1990;1878;0;0;0;0;0;0;0;0;0;0;0;0;0;0;0;0;0;0
Haren;10316;20;14;0,14 %;14480;10350;71,48 %;940;1538;2218;1476;1845;1527;0;772;0;0;0;0;0;0;0;0;0;0;0;0;0;0;0;0;0;0;0
Harenkarspel;6310;15;9;0,14 %;12127;6334;52,23 %;1702;1406;1374;1828;0;0;0;0;0;0;0;0;0;0;0;0;0;0;0;0;0;0;0;0;0;0;0
Harlingen;7183;16;9;0,13 %;12414;7208;58,06 %;2103;1468;851;805;456;395;754;321;0;0;0;0;0;0;0;0;0;0;0;0;0;0;0;0;0;30;0
Hattem;6004;9;18;0,30 %;9054;6031;66,61 %;0;1560;1018;1244;606;0;0;1576;0;0;0;0;0;0;0;0;0;0;0;0;0;0;0;0;0;0;0
Heemskerk;14960;36;34;0,23 %;30445;15030;49,37 %;2852;3090;2691;2744;1769;1814;0;0;0;0;0;0;0;0;0;0;0;0;0;0;0;0;0;0;0;0;0
Heemstede;12960;21;20;0,15 %;20233;13001;64,26 %;1884;1574;3889;2005;2357;1251;0;0;0;0;0;0;0;0;0;0;0;0;0;0;0;0;0;0;0;0;0
Heerde;8587;24;14;0,16 %;14352;8625;60,10 %;1389;1316;1085;2264;479;389;0;0;0;0;1665;0;0;0;0;0;0;0;0;0;0;0;0;0;0;0;0
Heerenveen;18679;34;22;0,12 %;34225;18735;54,74 %;2658;4909;2954;2237;1556;1310;0;1005;0;348;0;0;0;1702;0;0;0;0;0;0;0;0;0;0;0;0;0
Heerhugowaard;18134;44;26;0,14 %;38839;18204;46,87 %;5529;2344;3005;1917;1253;1404;0;668;0;997;0;0;0;0;0;0;1017;0;0;0;0;0;0;0;0;0;0
Heerlen;32136;85;65;0,20 %;73522;32286;43,91 %;9764;3357;2692;4902;1178;1178;7388;0;0;1493;0;0;0;0;0;0;0;0;0;0;0;0;0;0;0;0;184
Heeze-Leende;7325;11;17;0,23 %;12036;7353;61,09 %;2259;576;1293;2248;949;0;0;0;0;0;0;0;0;0;0;0;0;0;0;0;0;0;0;0;0;0;0
Heiloo;10941;20;20;0,18 %;17572;10981;62,49 %;2863;1308;2351;1574;0;0;0;0;0;0;0;0;0;0;0;0;0;2034;0;0;0;0;0;811;0;0;0
Hellendoorn;16944;27;19;0,11 %;27717;16990;61,30 %;6383;1428;1002;5352;838;598;0;1343;0;0;0;0;0;0;0;0;0;0;0;0;0;0;0;0;0;0;0
Hellevoetsluis;14345;27;12;0,08 %;31358;14384;45,87 %;5050;1897;3657;1102;751;1182;706;0;0;0;0;0;0;0;0;0;0;0;0;0;0;0;0;0;0;0;0
Helmond;29986;94;47;0,16 %;67401;30127;44,70 %;7972;4557;4036;5136;1887;2070;2771;0;0;1557;0;0;0;0;0;0;0;0;0;0;0;0;0;0;0;0;0
Hendrik-Ido-Ambacht;11312;23;12;0,11 %;20121;11347;56,39 %;2233;1514;1628;1860;893;0;0;0;0;0;3184;0;0;0;0;0;0;0;0;0;0;0;0;0;0;0;0
Hengelo;33496;88;56;0,17 %;62693;33640;53,66 %;8428;5362;4156;5719;2573;2197;4097;964;0;0;0;0;0;0;0;0;0;0;0;0;0;0;0;0;0;0;0
Het Bildt;4471;7;8;0,18 %;8087;4486;55,47 %;1830;846;608;1187;0;0;0;0;0;0;0;0;0;0;0;0;0;0;0;0;0;0;0;0;0;0;0
Heumen;7544;19;13;0,17 %;12694;7576;59,68 %;2399;0;1300;1424;0;0;0;0;0;0;0;0;2421;0;0;0;0;0;0;0;0;0;0;0;0;0;0
Heusden;16818;40;26;0,15 %;25742;16884;65,59 %;10545;1157;1506;1611;913;956;0;0;0;0;0;0;0;0;0;0;0;0;0;0;0;0;130;0;0;0;0
Hillegom;9090;16;13;0,14 %;16246;9119;56,13 %;2930;967;1832;1463;882;1016;0;0;0;0;0;0;0;0;0;0;0;0;0;0;0;0;0;0;0;0;0
Hilvarenbeek;7416;12;14;0,19 %;11544;7442;64,47 %;4911;851;800;854;0;0;0;0;0;0;0;0;0;0;0;0;0;0;0;0;0;0;0;0;0;0;0
Hilversum;36004;111;56;0,16 %;66594;36171;54,32 %;5494;5453;7030;3051;7427;2893;3111;1545;0;0;0;0;0;0;0;0;0;0;0;0;0;0;0;0;0;0;0
Hof van Twente;16871;49;27;0,16 %;27514;16947;61,59 %;2421;3773;2422;5512;1741;0;1002;0;0;0;0;0;0;0;0;0;0;0;0;0;0;0;0;0;0;0;0
Hoogeveen;22164;35;25;0,11 %;42678;22224;52,07 %;3269;4112;3182;6130;804;928;1181;2208;350;0;0;0;0;0;0;0;0;0;0;0;0;0;0;0;0;0;0
Hoogezand-Sappemeer;13057;30;18;0,14 %;27157;13105;48,26 %;2474;4019;1858;1065;1386;1272;0;983;0;0;0;0;0;0;0;0;0;0;0;0;0;0;0;0;0;0;0
Hoorn;27808;55;69;0,25 %;54273;27932;51,47 %;10413;3873;4350;2821;2499;2217;1635;0;0;0;0;0;0;0;0;0;0;0;0;0;0;0;0;0;0;0;0
Houten;20551;21;25;0,12 %;34919;20597;58,99 %;3723;3230;3383;3333;2133;2022;0;1646;1081;0;0;0;0;0;0;0;0;0;0;0;0;0;0;0;0;0;0
Huizen;18887;36;15;0,08 %;32695;18938;57,92 %;3161;2274;4486;3236;2206;1785;0;1132;607;0;0;0;0;0;0;0;0;0;0;0;0;0;0;0;0;0;0
Hulst;13050;37;22;0,17 %;22345;13109;58,67 %;6667;2029;1526;2029;0;0;799;0;0;0;0;0;0;0;0;0;0;0;0;0;0;0;0;0;0;0;0
IJsselstein;13134;29;27;0,21 %;25535;13190;51,65 %;1045;1605;3941;1965;1655;1169;974;530;250;0;0;0;0;0;0;0;0;0;0;0;0;0;0;0;0;0;0
Kampen;23602;54;35;0,15 %;37330;23691;63,46 %;3104;2417;2118;3624;1325;2117;1239;4699;2959;0;0;0;0;0;0;0;0;0;0;0;0;0;0;0;0;0;0
Kapelle;6298;13;7;0,11 %;9311;6318;67,86 %;1120;944;1391;1390;0;0;0;509;944;0;0;0;0;0;0;0;0;0;0;0;0;0;0;0;0;0;0
Katwijk;25643;59;34;0,13 %;46689;25736;55,12 %;5755;2148;3679;6166;0;0;0;4286;3609;0;0;0;0;0;0;0;0;0;0;0;0;0;0;0;0;0;0
Kerkrade;18458;37;43;0,23 %;40134;18538;46,19 %;6978;4627;1489;3174;0;1057;1133;0;0;0;0;0;0;0;0;0;0;0;0;0;0;0;0;0;0;0;0
Koggenland;9140;13;20;0,22 %;16646;9173;55,11 %;2530;1388;2252;2970;0;0;0;0;0;0;0;0;0;0;0;0;0;0;0;0;0;0;0;0;0;0;0
Kollumerland en Nieuwkruisland;5377;10;14;0,26 %;10015;5401;53,93 %;0;791;941;1810;0;0;0;600;0;0;0;0;0;1235;0;0;0;0;0;0;0;0;0;0;0;0;0
Korendijk;5287;3;5;0,09 %;8421;5295;62,88 %;819;546;945;1232;0;456;0;0;1289;0;0;0;0;0;0;0;0;0;0;0;0;0;0;0;0;0;0
Krimpen aan den IJssel;14072;23;14;0,10 %;22292;14109;63,29 %;3184;1930;2272;1419;829;839;0;1053;2546;0;0;0;0;0;0;0;0;0;0;0;0;0;0;0;0;0;0
Laarbeek;9007;13;7;0,08 %;16790;9027;53,76 %;6463;717;605;1222;0;0;0;0;0;0;0;0;0;0;0;0;0;0;0;0;0;0;0;0;0;0;0
Landerd;7147;12;28;0,39 %;11467;7187;62,68 %;5445;0;0;1702;0;0;0;0;0;0;0;0;0;0;0;0;0;0;0;0;0;0;0;0;0;0;0
Landgraaf;17101;36;32;0,19 %;31620;17169;54,30 %;7584;3098;699;2249;0;891;1310;132;0;1138;0;0;0;0;0;0;0;0;0;0;0;0;0;0;0;0;0
Landsmeer;4900;17;17;0,35 %;8119;4934;60,77 %;724;1188;1501;433;632;422;0;0;0;0;0;0;0;0;0;0;0;0;0;0;0;0;0;0;0;0;0
Langedijk;11387;15;16;0,14 %;20447;11418;55,84 %;3617;1063;2133;1705;1343;923;0;603;0;0;0;0;0;0;0;0;0;0;0;0;0;0;0;0;0;0;0
Lansingerland;22601;26;28;0,12 %;38533;22655;58,79 %;7093;2022;4341;4359;1591;1166;0;2029;0;0;0;0;0;0;0;0;0;0;0;0;0;0;0;0;0;0;0
Laren;5690;12;6;0,11 %;8682;5708;65,75 %;2293;534;1880;577;406;0;0;0;0;0;0;0;0;0;0;0;0;0;0;0;0;0;0;0;0;0;0
Leek;8315;21;19;0,23 %;14913;8355;56,02 %;0;2233;1548;1570;698;1148;0;1118;0;0;0;0;0;0;0;0;0;0;0;0;0;0;0;0;0;0;0
Leerdam;8329;30;15;0,18 %;15906;8374;52,65 %;1836;1788;1251;1296;0;0;0;813;1345;0;0;0;0;0;0;0;0;0;0;0;0;0;0;0;0;0;0
Leeuwarden;37567;78;69;0,18 %;75364;37714;50,04 %;4348;10318;4682;4240;2618;4667;2174;2054;0;0;0;0;0;1678;0;0;0;0;0;0;0;0;0;0;0;788;0
Leeuwarderadeel;5196;8;7;0,13 %;8020;5211;64,98 %;1253;1392;617;939;0;0;0;0;0;0;0;0;0;995;0;0;0;0;0;0;0;0;0;0;0;0;0
Leiden;51969;174;125;0,24 %;93791;52268;55,73 %;6162;7962;6977;4638;12772;4530;5208;1894;0;0;0;0;0;0;0;1826;0;0;0;0;0;0;0;0;0;0;0
Leiderdorp;11640;30;12;0,10 %;20482;11682;57,04 %;1755;1373;3478;1491;1643;1433;0;467;0;0;0;0;0;0;0;0;0;0;0;0;0;0;0;0;0;0;0
Leidschendam-Voorburg;32652;94;71;0,22 %;57503;32817;57,07 %;5501;4043;9158;5086;4652;2836;0;0;0;1376;0;0;0;0;0;0;0;0;0;0;0;0;0;0;0;0;0
Lelystad;26733;80;27;0,10 %;55056;26840;48,75 %;6308;4977;4995;1878;1739;1915;1383;1923;0;1615;0;0;0;0;0;0;0;0;0;0;0;0;0;0;0;0;0
Lemsterland;5994;17;9;0,15 %;10465;6020;57,53 %;1377;822;925;949;507;0;0;467;0;0;0;0;0;0;0;0;0;0;0;0;0;0;0;947;0;0;0
Leudal;15931;30;56;0,35 %;28887;16017;55,45 %;10704;756;1246;3225;0;0;0;0;0;0;0;0;0;0;0;0;0;0;0;0;0;0;0;0;0;0;0
Leusden;13767;20;18;0,13 %;22001;13805;62,75 %;1026;1393;3380;2840;2097;1644;0;0;0;0;1387;0;0;0;0;0;0;0;0;0;0;0;0;0;0;0;0
Liesveld;4930;6;3;0,06 %;7210;4939;68,50 %;1435;539;466;1025;0;0;0;0;0;0;1465;0;0;0;0;0;0;0;0;0;0;0;0;0;0;0;0
Lingewaal;4622;22;14;0,30 %;8377;4658;55,60 %;0;1199;1116;1139;0;0;0;877;291;0;0;0;0;0;0;0;0;0;0;0;0;0;0;0;0;0;0
Lingewaard;18068;30;23;0,13 %;35111;18121;51,61 %;9160;1580;1681;2502;1646;1499;0;0;0;0;0;0;0;0;0;0;0;0;0;0;0;0;0;0;0;0;0
Lisse;9966;30;15;0,15 %;17517;10011;57,15 %;2107;989;2215;1850;1642;0;0;0;0;0;1163;0;0;0;0;0;0;0;0;0;0;0;0;0;0;0;0
Littenseradiel;5156;7;3;0,06 %;8162;5166;63,29 %;0;0;739;1365;0;0;0;253;0;0;0;0;0;1250;0;0;0;0;0;0;0;0;0;0;0;0;0
Lochem;16780;30;27;0,16 %;26445;16837;63,67 %;3212;2833;3733;2930;2211;1861;0;0;0;0;0;0;0;0;0;0;0;0;0;0;0;0;0;0;0;0;0
Loon op Zand;9313;12;19;0,20 %;18112;9344;51,59 %;6408;0;1528;1377;0;0;0;0;0;0;0;0;0;0;0;0;0;0;0;0;0;0;0;0;0;0;0
Lopik;6013;7;18;0,30 %;10480;6038;57,61 %;0;970;1398;1928;0;0;0;1050;667;0;0;0;0;0;0;0;0;0;0;0;0;0;0;0;0;0;0
Loppersum;5158;9;9;0,17 %;8163;5176;63,41 %;932;863;402;1005;679;714;0;563;0;0;0;0;0;0;0;0;0;0;0;0;0;0;0;0;0;0;0
Losser;8864;31;43;0,49 %;17812;8938;50,18 %;2614;1140;2331;2779;0;0;0;0;0;0;0;0;0;0;0;0;0;0;0;0;0;0;0;0;0;0;0
Maasdonk;4357;11;24;0,55 %;8561;4392;51,30 %;3091;0;0;1266;0;0;0;0;0;0;0;0;0;0;0;0;0;0;0;0;0;0;0;0;0;0;0
Maasdriel;12054;31;24;0,20 %;18408;12109;65,78 %;2839;829;2892;4058;0;1168;0;0;268;0;0;0;0;0;0;0;0;0;0;0;0;0;0;0;0;0;0
Maasgouw;10590;28;46;0,43 %;19813;10664;53,82 %;3464;1467;1709;3950;0;0;0;0;0;0;0;0;0;0;0;0;0;0;0;0;0;0;0;0;0;0;0
Maassluis;13862;39;22;0,16 %;25118;13923;55,43 %;1821;3200;2594;1935;1009;0;563;692;0;0;0;0;0;0;0;0;2048;0;0;0;0;0;0;0;0;0;0
Maastricht;48292;135;90;0,19 %;98174;48517;49,42 %;11584;7485;4423;9110;4794;5056;2353;632;0;2855;0;0;0;0;0;0;0;0;0;0;0;0;0;0;0;0;0
Marum;4176;15;16;0,38 %;7943;4207;52,96 %;0;1461;1216;1077;0;0;0;422;0;0;0;0;0;0;0;0;0;0;0;0;0;0;0;0;0;0;0
Meerssen;10951;20;19;0,17 %;15715;10990;69,93 %;6104;0;2105;1618;0;0;0;0;0;0;0;0;0;0;1124;0;0;0;0;0;0;0;0;0;0;0;0
Menaldumadeel;6308;10;10;0,16 %;10525;6328;60,12 %;1826;1158;687;1074;0;518;0;0;0;0;0;0;0;1045;0;0;0;0;0;0;0;0;0;0;0;0;0
Menterwolde;5393;13;6;0,11 %;9847;5412;54,96 %;612;1693;1242;436;0;597;541;272;0;0;0;0;0;0;0;0;0;0;0;0;0;0;0;0;0;0;0
Meppel;13992;27;16;0,11 %;24994;14035;56,15 %;3358;2750;2804;1833;1121;1026;0;1100;0;0;0;0;0;0;0;0;0;0;0;0;0;0;0;0;0;0;0
Middelburg;22025;36;30;0,14 %;37088;22091;59,56 %;2708;3898;2701;3084;1433;2514;1442;1947;2298;0;0;0;0;0;0;0;0;0;0;0;0;0;0;0;0;0;0
Middelharnis;8116;22;26;0,32 %;13986;8164;58,37 %;2127;961;939;795;470;0;0;1078;1746;0;0;0;0;0;0;0;0;0;0;0;0;0;0;0;0;0;0
Midden-Delfland;8597;8;34;0,40 %;13484;8639;64,07 %;3656;761;1727;2453;0;0;0;0;0;0;0;0;0;0;0;0;0;0;0;0;0;0;0;0;0;0;0
Midden-Drenthe;15146;27;29;0,19 %;26207;15202;58,01 %;2506;3975;2624;2961;1024;1131;0;925;0;0;0;0;0;0;0;0;0;0;0;0;0;0;0;0;0;0;0
Mill en Sint Hubert;5037;17;40;0,79 %;8558;5094;59,52 %;3564;0;0;1473;0;0;0;0;0;0;0;0;0;0;0;0;0;0;0;0;0;0;0;0;0;0;0
Millingen aan de Rijn;2356;5;7;0,30 %;4635;2368;51,09 %;802;880;218;456;0;0;0;0;0;0;0;0;0;0;0;0;0;0;0;0;0;0;0;0;0;0;0
Moerdijk;14029;19;19;0,14 %;28677;14067;49,05 %;4936;1336;2213;2688;0;1139;985;732;0;0;0;0;0;0;0;0;0;0;0;0;0;0;0;0;0;0;0
Montferland;14109;42;16;0,11 %;27740;14167;51,07 %;4011;2116;2052;5279;651;0;0;0;0;0;0;0;0;0;0;0;0;0;0;0;0;0;0;0;0;0;0
Montfoort;6227;9;4;0,06 %;10063;6240;62,01 %;1612;0;1010;1163;441;0;0;579;365;0;0;0;1057;0;0;0;0;0;0;0;0;0;0;0;0;0;0
Neder-Betuwe;10844;16;8;0,07 %;16348;10868;66,48 %;1120;2405;1113;1359;362;0;0;847;3638;0;0;0;0;0;0;0;0;0;0;0;0;0;0;0;0;0;0
Nederlek;6664;17;19;0,29 %;11115;6700;60,28 %;1437;1630;1737;1056;0;0;0;0;804;0;0;0;0;0;0;0;0;0;0;0;0;0;0;0;0;0;0
Nederweert;7655;14;22;0,29 %;13156;7691;58,46 %;2419;1268;1189;2779;0;0;0;0;0;0;0;0;0;0;0;0;0;0;0;0;0;0;0;0;0;0;0
Neerijnen;5285;9;13;0,25 %;8873;5307;59,81 %;1551;895;940;976;0;0;0;0;923;0;0;0;0;0;0;0;0;0;0;0;0;0;0;0;0;0;0
Niedorp;5308;13;9;0,17 %;9218;5330;57,82 %;2490;872;1162;537;0;247;0;0;0;0;0;0;0;0;0;0;0;0;0;0;0;0;0;0;0;0;0
Nieuwegein;23423;39;43;0,18 %;48261;23505;48,70 %;3294;3914;4521;2512;1642;1802;2150;0;0;1195;1234;0;0;0;0;0;1159;0;0;0;0;0;0;0;0;0;0
Nieuwkoop;11702;32;20;0,17 %;20851;11754;56,37 %;3973;0;2242;2283;1004;0;0;0;0;0;736;0;0;0;0;0;0;0;0;0;0;0;0;0;0;0;0
Nieuw-Lekkerland;4705;5;2;0,04 %;6777;4712;69,53 %;0;1163;595;414;0;0;0;1163;1370;0;0;0;0;0;0;0;0;0;0;0;0;0;0;0;0;0;0
Nijkerk;17432;30;36;0,21 %;29940;17498;58,44 %;3581;0;2286;5310;0;0;0;0;0;0;3652;0;0;0;2603;0;0;0;0;0;0;0;0;0;0;0;0
Nijmegen;72135;136;122;0,17 %;132585;72393;54,60 %;6890;13224;7566;5892;10922;13902;8842;1014;0;0;0;0;0;0;0;0;3536;0;0;0;0;0;0;0;0;0;347
Noord-Beveland;3655;8;7;0,19 %;6066;3670;60,50 %;759;741;824;806;0;0;0;0;525;0;0;0;0;0;0;0;0;0;0;0;0;0;0;0;0;0;0
Noordenveld;15095;20;18;0,12 %;24211;15133;62,50 %;5693;2794;2390;1279;1009;1134;0;796;0;0;0;0;0;0;0;0;0;0;0;0;0;0;0;0;0;0;0
Noordoostpolder;19451;43;37;0,19 %;33498;19531;58,30 %;5223;2174;3010;4359;1147;727;0;0;0;0;2762;0;0;0;0;0;0;0;0;0;0;49;0;0;0;0;0
Noordwijk;12184;34;26;0,21 %;20581;12244;59,49 %;4447;0;3234;2067;0;0;0;496;0;0;0;0;0;0;1940;0;0;0;0;0;0;0;0;0;0;0;0
Noordwijkerhout;7024;29;22;0,31 %;12229;7075;57,85 %;0;729;2512;2173;829;781;0;0;0;0;0;0;0;0;0;0;0;0;0;0;0;0;0;0;0;0;0
Nuenen, Gerwen en Nederwetten;10137;19;31;0,31 %;17420;10187;58,48 %;4516;1467;1417;1440;1297;0;0;0;0;0;0;0;0;0;0;0;0;0;0;0;0;0;0;0;0;0;0
Nunspeet;14089;22;10;0,07 %;20188;14121;69,95 %;3963;967;908;1436;0;0;0;3096;3719;0;0;0;0;0;0;0;0;0;0;0;0;0;0;0;0;0;0
Nuth;8075;12;32;0,40 %;12860;8119;63,13 %;2246;877;1113;2225;0;946;0;0;0;668;0;0;0;0;0;0;0;0;0;0;0;0;0;0;0;0;0
Oegstgeest;10830;21;38;0,35 %;17162;10889;63,45 %;3285;0;2745;1508;0;0;0;0;0;0;0;0;0;0;3292;0;0;0;0;0;0;0;0;0;0;0;0
Oirschot;8222;29;43;0,52 %;13765;8294;60,25 %;2850;747;1366;2045;1214;0;0;0;0;0;0;0;0;0;0;0;0;0;0;0;0;0;0;0;0;0;0
Oisterwijk;10968;25;17;0,15 %;19975;11010;55,12 %;4382;0;2014;1867;0;0;0;0;0;0;0;0;0;0;2705;0;0;0;0;0;0;0;0;0;0;0;0
Oldebroek;10392;16;2;0,02 %;17219;10410;60,46 %;1720;1350;883;1823;0;0;0;2789;1827;0;0;0;0;0;0;0;0;0;0;0;0;0;0;0;0;0;0
Oldenzaal;14162;26;16;0,11 %;24741;14204;57,41 %;6426;1176;1727;3161;670;1002;0;0;0;0;0;0;0;0;0;0;0;0;0;0;0;0;0;0;0;0;0
Olst-Wijhe;7643;19;34;0,44 %;13474;7696;57,12 %;1409;2470;1586;2178;0;0;0;0;0;0;0;0;0;0;0;0;0;0;0;0;0;0;0;0;0;0;0
Ommen;8672;4;14;0,16 %;13631;8690;63,75 %;1834;676;1417;2346;1101;0;0;1298;0;0;0;0;0;0;0;0;0;0;0;0;0;0;0;0;0;0;0
Onderbanken;3776;15;19;0,50 %;6559;3810;58,09 %;1847;0;944;985;0;0;0;0;0;0;0;0;0;0;0;0;0;0;0;0;0;0;0;0;0;0;0
Oost Gelre;13597;34;23;0,17 %;23041;13654;59,26 %;2580;1514;4933;3835;735;0;0;0;0;0;0;0;0;0;0;0;0;0;0;0;0;0;0;0;0;0;0
Oosterhout;21079;68;21;0,10 %;42443;21168;49,87 %;7416;3338;3409;2923;1424;1503;1066;0;0;0;0;0;0;0;0;0;0;0;0;0;0;0;0;0;0;0;0
Oostflakkee;4672;6;15;0,32 %;8241;4693;56,95 %;1729;834;563;272;0;0;0;744;530;0;0;0;0;0;0;0;0;0;0;0;0;0;0;0;0;0;0
Ooststellingwerf;11572;27;13;0,11 %;20420;11612;56,87 %;3535;2433;1332;2028;638;923;0;683;0;0;0;0;0;0;0;0;0;0;0;0;0;0;0;0;0;0;0
Oostzaan;4213;11;5;0,12 %;7078;4229;59,75 %;717;643;1214;482;277;880;0;0;0;0;0;0;0;0;0;0;0;0;0;0;0;0;0;0;0;0;0
Opmeer;4937;13;11;0,22 %;8647;4961;57,37 %;1475;565;1011;1182;704;0;0;0;0;0;0;0;0;0;0;0;0;0;0;0;0;0;0;0;0;0;0
Opsterland;13123;18;10;0,08 %;22921;13151;57,38 %;4758;2642;1170;1983;728;0;0;1357;0;0;0;0;0;485;0;0;0;0;0;0;0;0;0;0;0;0;0
Oud-Beijerland;10014;12;17;0,17 %;18073;10043;55,57 %;1749;1212;1604;1234;1020;962;0;889;1344;0;0;0;0;0;0;0;0;0;0;0;0;0;0;0;0;0;0
Oude IJsselstreek;17852;56;32;0,18 %;31119;17940;57,65 %;6690;3079;1542;4440;2101;0;0;0;0;0;0;0;0;0;0;0;0;0;0;0;0;0;0;0;0;0;0
Ouder-Amstel;5986;11;8;0,13 %;10099;6005;59,46 %;1161;694;1152;1149;1099;731;0;0;0;0;0;0;0;0;0;0;0;0;0;0;0;0;0;0;0;0;0
Ouderkerk;4017;8;11;0,27 %;6204;4036;65,05 %;0;906;939;495;0;0;0;865;812;0;0;0;0;0;0;0;0;0;0;0;0;0;0;0;0;0;0
Oudewater;4466;2;26;0,58 %;7501;4494;59,91 %;1279;304;0;1254;0;0;0;0;0;0;522;0;0;0;0;0;0;0;0;0;1107;0;0;0;0;0;0
Overbetuwe;17476;38;28;0,16 %;34305;17542;51,14 %;3154;2206;2855;3508;2728;1418;0;745;497;0;0;0;0;0;0;0;0;0;0;0;0;0;249;0;0;0;116
Papendrecht;12535;18;17;0,14 %;24794;12570;50,70 %;2515;1830;2321;1951;1011;825;0;1253;829;0;0;0;0;0;0;0;0;0;0;0;0;0;0;0;0;0;0
Pekela;5001;10;15;0,30 %;10154;5026;49,50 %;1454;975;487;485;0;528;831;241;0;0;0;0;0;0;0;0;0;0;0;0;0;0;0;0;0;0;0
Pijnacker-Nootdorp;19535;24;41;0,21 %;34589;19600;56,67 %;2512;1874;4730;3057;2811;1760;0;0;0;1923;868;0;0;0;0;0;0;0;0;0;0;0;0;0;0;0;0
Purmerend;29652;65;52;0,18 %;61779;29769;48,19 %;7536;4903;5739;2606;2701;1805;1886;0;0;2476;0;0;0;0;0;0;0;0;0;0;0;0;0;0;0;0;0
Putten;11595;20;13;0,11 %;17910;11628;64,92 %;4337;0;999;2136;455;0;0;2369;1299;0;0;0;0;0;0;0;0;0;0;0;0;0;0;0;0;0;0
Raalte;17226;38;64;0,37 %;28465;17328;60,87 %;5767;1425;2128;5885;811;0;1210;0;0;0;0;0;0;0;0;0;0;0;0;0;0;0;0;0;0;0;0
Reimerswaal;10890;20;7;0,06 %;15800;10917;69,09 %;1814;1452;1142;1765;0;0;0;1079;3638;0;0;0;0;0;0;0;0;0;0;0;0;0;0;0;0;0;0
Renkum;14682;47;23;0,16 %;25275;14752;58,37 %;1562;2745;3301;2548;2341;2185;0;0;0;0;0;0;0;0;0;0;0;0;0;0;0;0;0;0;0;0;0
Reusel-De Mierden;5221;7;14;0,27 %;9963;5242;52,61 %;1589;988;1303;1341;0;0;0;0;0;0;0;0;0;0;0;0;0;0;0;0;0;0;0;0;0;0;0
Rheden;19072;40;28;0,15 %;35379;19140;54,10 %;2580;3283;3870;2743;2307;1833;1797;659;0;0;0;0;0;0;0;0;0;0;0;0;0;0;0;0;0;0;0
Rhenen;8837;17;12;0,14 %;14362;8866;61,73 %;1023;793;1604;1337;0;1763;0;618;1699;0;0;0;0;0;0;0;0;0;0;0;0;0;0;0;0;0;0
Ridderkerk;20135;35;28;0,14 %;36483;20198;55,36 %;7353;2761;1622;1582;0;0;0;1567;3663;0;0;0;0;0;0;0;0;1587;0;0;0;0;0;0;0;0;0
Rijnwaarden;4125;10;11;0,27 %;8683;4146;47,75 %;2229;783;0;1113;0;0;0;0;0;0;0;0;0;0;0;0;0;0;0;0;0;0;0;0;0;0;0
Rijnwoude;8066;15;32;0,40 %;14331;8113;56,61 %;0;1253;1907;1760;1919;0;0;0;0;0;1227;0;0;0;0;0;0;0;0;0;0;0;0;0;0;0;0
Rijssen-Holten;20248;36;14;0,07 %;27293;20298;74,37 %;2525;2849;2530;3656;0;0;0;3494;5194;0;0;0;0;0;0;0;0;0;0;0;0;0;0;0;0;0;0
Rijswijk;20054;54;56;0,28 %;38745;20164;52,04 %;7686;2636;3001;2382;1707;1567;1075;0;0;0;0;0;0;0;0;0;0;0;0;0;0;0;0;0;0;0;0
Roerdalen;9973;37;40;0,40 %;17259;10050;58,23 %;6038;0;1491;2444;0;0;0;0;0;0;0;0;0;0;0;0;0;0;0;0;0;0;0;0;0;0;0
Roermond;22384;67;45;0,20 %;44162;22496;50,94 %;5112;2683;7496;3487;1006;1307;1093;200;0;0;0;0;0;0;0;0;0;0;0;0;0;0;0;0;0;0;0
Roosendaal;28010;67;46;0,16 %;61041;28123;46,07 %;9647;3327;6811;4372;0;1258;2595;0;0;0;0;0;0;0;0;0;0;0;0;0;0;0;0;0;0;0;0
Rotterdam;222842;1324;1962;0,88 %;472070;226128;47,90 %;65009;64401;21434;15012;20628;16281;12377;0;0;0;6632;0;0;0;0;0;0;0;0;0;0;1068;0;0;0;0;0
Rozendaal;908;0;4;0,44 %;1172;912;77,82 %;908;0;0;0;0;0;0;0;0;0;0;0;0;0;0;0;0;0;0;0;0;0;0;0;0;0;0
Rucphen;9019;13;26;0,29 %;18462;9058;49,06 %;2776;760;3073;1520;890;0;0;0;0;0;0;0;0;0;0;0;0;0;0;0;0;0;0;0;0;0;0
Schagen;7667;16;12;0,16 %;14843;7695;51,84 %;1113;1741;2338;994;829;0;652;0;0;0;0;0;0;0;0;0;0;0;0;0;0;0;0;0;0;0;0
Schermer;2544;6;4;0,16 %;4061;2554;62,89 %;988;415;427;714;0;0;0;0;0;0;0;0;0;0;0;0;0;0;0;0;0;0;0;0;0;0;0
Schiedam;25832;112;75;0,29 %;59297;26019;43,88 %;5399;5796;3720;3179;2826;1731;1691;0;0;1490;0;0;0;0;0;0;0;0;0;0;0;0;0;0;0;0;0
Schiermonnikoog;617;2;3;0,49 %;754;622;82,49 %;617;0;0;0;0;0;0;0;0;0;0;0;0;0;0;0;0;0;0;0;0;0;0;0;0;0;0
Schijndel;8605;22;17;0,20 %;17985;8644;48,06 %;1881;1582;1472;2070;0;0;1600;0;0;0;0;0;0;0;0;0;0;0;0;0;0;0;0;0;0;0;0
Schinnen;6849;19;38;0,55 %;10670;6906;64,72 %;2718;1211;887;2033;0;0;0;0;0;0;0;0;0;0;0;0;0;0;0;0;0;0;0;0;0;0;0
Schoonhoven;5245;12;13;0,25 %;9316;5270;56,57 %;840;753;1137;741;610;404;0;0;0;0;760;0;0;0;0;0;0;0;0;0;0;0;0;0;0;0;0
Schouwen-Duiveland;16849;34;15;0,09 %;27345;16898;61,80 %;4601;1830;3248;2080;952;1003;0;1053;2082;0;0;0;0;0;0;0;0;0;0;0;0;0;0;0;0;0;0
's-Gravenhage;197059;1076;389;0,20 %;375279;198524;52,90 %;26703;41760;28777;11639;23451;11860;7956;3608;0;3209;0;33079;0;0;0;4704;0;0;0;0;0;313;0;0;0;0;0
's-Hertogenbosch;54589;155;94;0,17 %;110711;54838;49,53 %;17183;6288;7334;5280;4217;6445;4236;0;0;3606;0;0;0;0;0;0;0;0;0;0;0;0;0;0;0;0;0
Simpelveld;5550;18;29;0,52 %;9005;5597;62,15 %;4329;380;0;841;0;0;0;0;0;0;0;0;0;0;0;0;0;0;0;0;0;0;0;0;0;0;0
Sint Anthonis;5906;9;10;0,17 %;9044;5925;65,51 %;2829;0;1046;2031;0;0;0;0;0;0;0;0;0;0;0;0;0;0;0;0;0;0;0;0;0;0;0
Sint-Michielsgestel;11483;18;16;0,14 %;21685;11517;53,11 %;6534;1198;885;1918;948;0;0;0;0;0;0;0;0;0;0;0;0;0;0;0;0;0;0;0;0;0;0
Sint-Oedenrode;7743;16;18;0,23 %;13719;7777;56,69 %;2409;1360;1759;2078;0;0;0;0;0;0;0;0;0;0;0;0;0;0;0;0;0;0;137;0;0;0;0
Sittard-Geleen;42130;77;87;0,21 %;77289;42294;54,72 %;16410;3854;3083;8723;1942;4986;1839;0;0;1293;0;0;0;0;0;0;0;0;0;0;0;0;0;0;0;0;0
Skarsterlƒn;12208;20;14;0,11 %;20958;12242;58,41 %;0;2414;1586;3113;0;0;238;716;0;0;0;0;0;4141;0;0;0;0;0;0;0;0;0;0;0;0;0
Sliedrecht;10128;24;15;0,15 %;18650;10167;54,51 %;2035;1931;1272;1500;0;0;0;0;0;0;3390;0;0;0;0;0;0;0;0;0;0;0;0;0;0;0;0
Slochteren;6619;10;10;0,15 %;12014;6639;55,26 %;996;1569;1010;932;0;0;0;1203;0;0;0;0;0;0;0;0;0;909;0;0;0;0;0;0;0;0;0
Sluis;11060;25;20;0,18 %;19775;11105;56,16 %;5250;1584;1656;1943;627;0;0;0;0;0;0;0;0;0;0;0;0;0;0;0;0;0;0;0;0;0;0
Smallingerland;24173;47;23;0,10 %;42692;24243;56,79 %;3504;5260;2636;4317;982;1332;1374;3257;0;0;0;0;0;1511;0;0;0;0;0;0;0;0;0;0;0;0;0
Soest;20304;62;27;0,13 %;35443;20393;57,54 %;8228;2127;2907;2448;1644;1331;491;0;0;0;1128;0;0;0;0;0;0;0;0;0;0;0;0;0;0;0;0
Someren;8123;15;15;0,18 %;14183;8153;57,48 %;4280;652;831;2360;0;0;0;0;0;0;0;0;0;0;0;0;0;0;0;0;0;0;0;0;0;0;0
Son en Breugel;6862;15;14;0,20 %;11824;6891;58,28 %;4319;0;1062;973;0;0;0;0;0;0;0;0;508;0;0;0;0;0;0;0;0;0;0;0;0;0;0
Spijkenisse;26521;60;32;0,12 %;57434;26613;46,34 %;12121;3709;3344;1430;1115;827;1293;0;0;1759;923;0;0;0;0;0;0;0;0;0;0;0;0;0;0;0;0
Stadskanaal;12572;35;20;0,16 %;26296;12627;48,02 %;1082;3636;1206;3041;458;366;895;1888;0;0;0;0;0;0;0;0;0;0;0;0;0;0;0;0;0;0;0
Staphorst;8998;21;4;0,04 %;11267;9023;80,08 %;1487;907;0;1720;0;0;0;2178;2706;0;0;0;0;0;0;0;0;0;0;0;0;0;0;0;0;0;0
Stede Broec;8300;20;11;0,13 %;16324;8331;51,04 %;3947;0;898;2217;0;0;0;0;0;0;0;0;1238;0;0;0;0;0;0;0;0;0;0;0;0;0;0
Steenbergen;8424;36;48;0,57 %;18482;8508;46,03 %;3328;748;1765;1541;1042;0;0;0;0;0;0;0;0;0;0;0;0;0;0;0;0;0;0;0;0;0;0
Steenwijkerland;19662;39;35;0,18 %;33624;19736;58,70 %;4898;3564;2931;3463;1044;0;923;1536;0;0;0;0;0;0;0;0;0;1303;0;0;0;0;0;0;0;0;0
Stein;12069;56;33;0,27 %;20994;12158;57,91 %;6516;1410;844;2743;556;0;0;0;0;0;0;0;0;0;0;0;0;0;0;0;0;0;0;0;0;0;0
Strijen;3886;5;4;0,10 %;7040;3895;55,33 %;622;609;845;825;0;512;0;310;163;0;0;0;0;0;0;0;0;0;0;0;0;0;0;0;0;0;0
Ten Boer;3425;9;16;0,47 %;5558;3450;62,07 %;769;1081;0;849;0;0;0;726;0;0;0;0;0;0;0;0;0;0;0;0;0;0;0;0;0;0;0
Terneuzen;22411;45;24;0,11 %;43856;22480;51,26 %;6295;5385;1700;4148;769;869;691;1299;1255;0;0;0;0;0;0;0;0;0;0;0;0;0;0;0;0;0;0
Terschelling;2504;7;18;0,72 %;3839;2529;65,88 %;657;876;493;478;0;0;0;0;0;0;0;0;0;0;0;0;0;0;0;0;0;0;0;0;0;0;0
Texel;7112;17;17;0,24 %;10743;7146;66,52 %;2002;1602;1133;1021;706;648;0;0;0;0;0;0;0;0;0;0;0;0;0;0;0;0;0;0;0;0;0
Teylingen;15242;24;47;0,31 %;27107;15313;56,49 %;1365;2141;4819;3119;2289;0;0;546;0;963;0;0;0;0;0;0;0;0;0;0;0;0;0;0;0;0;0
Tholen;12186;17;3;0,02 %;19048;12206;64,08 %;1197;1800;1769;1619;0;0;1143;1472;3186;0;0;0;0;0;0;0;0;0;0;0;0;0;0;0;0;0;0
Tiel;14104;42;30;0,21 %;31336;14176;45,24 %;2975;2993;2878;1604;1581;1436;0;637;0;0;0;0;0;0;0;0;0;0;0;0;0;0;0;0;0;0;0
Tilburg;72681;161;163;0,22 %;162618;73005;44,89 %;6688;16133;11359;8633;8232;6779;6445;818;0;4825;0;0;0;0;0;0;2420;0;0;0;0;349;0;0;0;0;0
Tubbergen;10338;27;21;0,20 %;15689;10386;66,20 %;0;1580;4268;4490;0;0;0;0;0;0;0;0;0;0;0;0;0;0;0;0;0;0;0;0;0;0;0
Twenterand;14802;33;16;0,11 %;25407;14851;58,45 %;4402;1666;951;4067;0;0;0;2531;762;423;0;0;0;0;0;0;0;0;0;0;0;0;0;0;0;0;0
Tynaarlo;15878;29;20;0,13 %;25332;15927;62,87 %;3466;3309;3287;1482;1705;1937;0;692;0;0;0;0;0;0;0;0;0;0;0;0;0;0;0;0;0;0;0
Tytsjerksteradiel;14665;25;15;0,10 %;24610;14705;59,75 %;730;2422;1703;3597;561;1694;0;1066;0;0;0;0;0;2892;0;0;0;0;0;0;0;0;0;0;0;0;0
Ubbergen;4531;10;11;0,24 %;7481;4552;60,85 %;1812;0;506;543;417;0;0;0;0;0;0;0;1253;0;0;0;0;0;0;0;0;0;0;0;0;0;0
Uden;16550;25;25;0,15 %;31514;16600;52,68 %;3473;1497;4517;3170;972;0;2921;0;0;0;0;0;0;0;0;0;0;0;0;0;0;0;0;0;0;0;0
Uitgeest;5458;11;10;0,18 %;9566;5479;57,28 %;2300;604;756;673;1125;0;0;0;0;0;0;0;0;0;0;0;0;0;0;0;0;0;0;0;0;0;0
Uithoorn;10944;44;15;0,14 %;21435;11003;51,33 %;2543;1270;3314;1546;0;0;0;302;0;0;0;0;0;0;0;0;0;1969;0;0;0;0;0;0;0;0;0
Urk;8605;18;15;0,17 %;11658;8638;74,10 %;2716;0;0;1858;0;0;0;2264;1767;0;0;0;0;0;0;0;0;0;0;0;0;0;0;0;0;0;0
Utrecht;127190;311;318;0,25 %;243238;127819;52,55 %;8327;23823;19789;9608;22700;26382;7597;3767;0;4803;0;0;0;0;0;0;0;0;0;0;0;0;394;0;0;0;0
Utrechtse Heuvelrug;22938;40;33;0,14 %;37942;23011;60,65 %;2228;0;5429;3943;3105;0;1073;915;1537;0;0;0;4708;0;0;0;0;0;0;0;0;0;0;0;0;0;0
Vaals;4100;27;19;0,46 %;8225;4146;50,41 %;2290;938;0;872;0;0;0;0;0;0;0;0;0;0;0;0;0;0;0;0;0;0;0;0;0;0;0
Valkenburg aan de Geul;8678;14;15;0,17 %;14175;8707;61,43 %;4632;0;989;1662;0;0;537;0;0;0;0;0;0;0;0;0;0;0;858;0;0;0;0;0;0;0;0
Valkenswaard;12775;28;34;0,27 %;24764;12837;51,84 %;6104;2015;865;3096;695;0;0;0;0;0;0;0;0;0;0;0;0;0;0;0;0;0;0;0;0;0;0
Veendam;11183;29;25;0,22 %;22281;11237;50,43 %;4795;2987;1078;867;0;0;0;490;0;0;0;0;0;0;0;0;0;966;0;0;0;0;0;0;0;0;0
Veenendaal;27846;52;36;0,13 %;46645;27934;59,89 %;2404;2836;4802;3761;2110;1700;803;5958;3472;0;0;0;0;0;0;0;0;0;0;0;0;0;0;0;0;0;0
Veere;11615;24;3;0,03 %;17204;11642;67,67 %;1475;0;2190;2299;753;0;0;0;0;0;2712;0;2186;0;0;0;0;0;0;0;0;0;0;0;0;0;0
Veghel;15210;38;28;0,18 %;28660;15276;53,30 %;5888;0;1708;3478;0;0;1508;0;0;0;0;0;0;0;2628;0;0;0;0;0;0;0;0;0;0;0;0
Veldhoven;16380;31;43;0,26 %;34077;16454;48,28 %;7758;2059;2921;2475;1167;0;0;0;0;0;0;0;0;0;0;0;0;0;0;0;0;0;0;0;0;0;0
Velsen;25655;59;52;0,20 %;52362;25766;49,21 %;6603;3781;4796;2375;3429;1972;1559;1140;0;0;0;0;0;0;0;0;0;0;0;0;0;0;0;0;0;0;0
Vianen;8067;31;9;0,11 %;15244;8107;53,18 %;3026;1009;1167;1106;491;0;0;522;746;0;0;0;0;0;0;0;0;0;0;0;0;0;0;0;0;0;0
Vlaardingen;29008;60;33;0,11 %;56161;29101;51,82 %;7311;4805;3209;2917;2061;2657;2624;0;0;1469;1955;0;0;0;0;0;0;0;0;0;0;0;0;0;0;0;0
Vlagtwedde;6384;18;45;0,70 %;12991;6447;49,63 %;1828;1558;728;1357;0;627;0;286;0;0;0;0;0;0;0;0;0;0;0;0;0;0;0;0;0;0;0
Vlieland;591;1;5;0,85 %;877;597;68,07 %;180;123;288;0;0;0;0;0;0;0;0;0;0;0;0;0;0;0;0;0;0;0;0;0;0;0;0
Vlissingen;17387;32;24;0,14 %;35927;17443;48,55 %;7830;2378;1591;1530;1011;1176;1273;598;0;0;0;0;0;0;0;0;0;0;0;0;0;0;0;0;0;0;0
Vlist;4788;10;4;0,08 %;7482;4802;64,18 %;1985;482;565;832;0;0;0;0;0;0;924;0;0;0;0;0;0;0;0;0;0;0;0;0;0;0;0
Voerendaal;6410;7;32;0,50 %;10323;6449;62,47 %;3088;832;503;1119;868;0;0;0;0;0;0;0;0;0;0;0;0;0;0;0;0;0;0;0;0;0;0
Voorschoten;11251;22;23;0,20 %;18126;11296;62,32 %;3763;1169;2938;2004;0;1377;0;0;0;0;0;0;0;0;0;0;0;0;0;0;0;0;0;0;0;0;0
Voorst;10850;18;12;0,11 %;18862;10880;57,68 %;3973;0;1400;2483;663;0;0;0;0;0;365;0;1966;0;0;0;0;0;0;0;0;0;0;0;0;0;0
Vught;11094;22;9;0,08 %;19476;11125;57,12 %;2883;0;2490;1320;1262;0;1151;0;0;0;0;0;1988;0;0;0;0;0;0;0;0;0;0;0;0;0;0
Waalre;7231;19;12;0,17 %;12700;7262;57,18 %;1929;951;1712;1175;1004;460;0;0;0;0;0;0;0;0;0;0;0;0;0;0;0;0;0;0;0;0;0
Waalwijk;16862;35;39;0,23 %;36279;16936;46,68 %;5076;1839;3469;2153;1090;1351;0;1086;798;0;0;0;0;0;0;0;0;0;0;0;0;0;0;0;0;0;0
Waddinxveen;11166;28;40;0,36 %;19643;11234;57,19 %;4099;1579;2541;1725;1222;0;0;0;0;0;0;0;0;0;0;0;0;0;0;0;0;0;0;0;0;0;0
Wageningen;16059;27;34;0,21 %;27936;16120;57,70 %;1466;2583;2020;1600;3468;3050;878;994;0;0;0;0;0;0;0;0;0;0;0;0;0;0;0;0;0;0;0
Wassenaar;11768;44;22;0,19 %;19544;11834;60,55 %;2755;813;4318;2296;980;606;0;0;0;0;0;0;0;0;0;0;0;0;0;0;0;0;0;0;0;0;0
Waterland;8764;18;11;0,13 %;13448;8793;65,39 %;826;1026;2413;1756;628;1461;654;0;0;0;0;0;0;0;0;0;0;0;0;0;0;0;0;0;0;0;0
Weert;21183;55;51;0,24 %;38677;21289;55,04 %;3731;2600;6112;4250;1885;553;2052;0;0;0;0;0;0;0;0;0;0;0;0;0;0;0;0;0;0;0;0
Werkendam;11768;31;18;0,15 %;20159;11817;58,62 %;3409;1922;0;3614;0;0;0;1202;1621;0;0;0;0;0;0;0;0;0;0;0;0;0;0;0;0;0;0
West Maas en Waal;8791;26;51;0,58 %;14389;8868;61,63 %;6066;0;1409;1316;0;0;0;0;0;0;0;0;0;0;0;0;0;0;0;0;0;0;0;0;0;0;0
Westerveld;9893;12;18;0,18 %;15409;9923;64,40 %;3305;1370;1982;1296;0;0;0;0;0;0;0;0;0;0;0;0;0;1940;0;0;0;0;0;0;0;0;0
Westervoort;5622;13;29;0,52 %;11893;5664;47,62 %;0;1546;1118;1532;668;758;0;0;0;0;0;0;0;0;0;0;0;0;0;0;0;0;0;0;0;0;0
Westland;47285;75;50;0,11 %;76485;47410;61,99 %;25528;0;3530;10439;1238;0;0;0;0;0;2449;0;4101;0;0;0;0;0;0;0;0;0;0;0;0;0;0
Weststellingwerf;10544;27;24;0,23 %;20436;10595;51,84 %;1955;2796;2576;1989;0;1228;0;0;0;0;0;0;0;0;0;0;0;0;0;0;0;0;0;0;0;0;0
Westvoorne;6790;10;17;0,25 %;11261;6817;60,54 %;3351;796;1387;795;461;0;0;0;0;0;0;0;0;0;0;0;0;0;0;0;0;0;0;0;0;0;0
Wierden;11760;19;9;0,08 %;17974;11788;65,58 %;2393;0;1468;3956;0;0;0;1630;0;0;0;0;0;0;2313;0;0;0;0;0;0;0;0;0;0;0;0
Wieringen;3469;23;14;0,40 %;6860;3506;51,11 %;1048;721;1264;436;0;0;0;0;0;0;0;0;0;0;0;0;0;0;0;0;0;0;0;0;0;0;0
Wieringermeer;4774;10;17;0,36 %;9675;4801;49,62 %;1911;516;968;1009;0;0;0;370;0;0;0;0;0;0;0;0;0;0;0;0;0;0;0;0;0;0;0
Wijchen;16673;26;36;0,22 %;30904;16735;54,15 %;7348;2598;1701;3406;1620;0;0;0;0;0;0;0;0;0;0;0;0;0;0;0;0;0;0;0;0;0;0
Wijdemeren;10907;22;16;0,15 %;18334;10945;59,70 %;4453;1159;1835;1826;955;679;0;0;0;0;0;0;0;0;0;0;0;0;0;0;0;0;0;0;0;0;0
Wijk bij Duurstede;9749;13;7;0,07 %;17653;9769;55,34 %;1908;1071;1823;1409;758;1377;1403;0;0;0;0;0;0;0;0;0;0;0;0;0;0;0;0;0;0;0;0
Winsum;7011;11;14;0,20 %;10726;7036;65,60 %;1190;1411;939;1121;605;871;0;874;0;0;0;0;0;0;0;0;0;0;0;0;0;0;0;0;0;0;0
Winterswijk;12804;16;35;0,27 %;22520;12855;57,08 %;4079;2132;2997;2280;0;0;1316;0;0;0;0;0;0;0;0;0;0;0;0;0;0;0;0;0;0;0;0
Woensdrecht;9323;23;4;0,04 %;17348;9350;53,90 %;3701;1431;1573;1638;980;0;0;0;0;0;0;0;0;0;0;0;0;0;0;0;0;0;0;0;0;0;0
Woerden;22516;42;38;0,17 %;37345;22596;60,51 %;4066;0;4477;4671;2621;0;0;1907;999;0;0;0;3676;0;0;0;0;0;0;0;0;99;0;0;0;0;0
Wormerland;6904;14;12;0,17 %;12310;6930;56,30 %;2405;903;1033;720;0;754;1089;0;0;0;0;0;0;0;0;0;0;0;0;0;0;0;0;0;0;0;0
Woudrichem;6474;13;13;0,20 %;11091;6500;58,61 %;1239;1078;956;1997;0;0;0;1204;0;0;0;0;0;0;0;0;0;0;0;0;0;0;0;0;0;0;0
Zaanstad;56062;155;124;0,22 %;113223;56341;49,76 %;14823;10665;9042;3809;4792;4713;3818;1831;0;2569;0;0;0;0;0;0;0;0;0;0;0;0;0;0;0;0;0
Zaltbommel;12276;20;19;0,15 %;19574;12315;62,92 %;1533;1694;1540;1757;1462;763;0;1465;2062;0;0;0;0;0;0;0;0;0;0;0;0;0;0;0;0;0;0
Zandvoort;6959;22;11;0,16 %;13736;6992;50,90 %;2364;777;1844;944;498;532;0;0;0;0;0;0;0;0;0;0;0;0;0;0;0;0;0;0;0;0;0
Zederik;6836;4;4;0,06 %;10020;6844;68,30 %;1150;916;951;1828;0;0;0;1018;973;0;0;0;0;0;0;0;0;0;0;0;0;0;0;0;0;0;0
Zeevang;3106;14;12;0,39 %;4812;3132;65,09 %;1784;563;537;222;0;0;0;0;0;0;0;0;0;0;0;0;0;0;0;0;0;0;0;0;0;0;0
Zeewolde;9041;17;10;0,11 %;14797;9068;61,28 %;3471;0;1681;1244;522;0;0;1163;0;0;0;0;960;0;0;0;0;0;0;0;0;0;0;0;0;0;0
Zeist;26042;78;52;0,20 %;46708;26172;56,03 %;3888;3747;4604;2910;5218;2759;1125;0;0;0;1791;0;0;0;0;0;0;0;0;0;0;0;0;0;0;0;0
Zevenaar;13292;24;10;0,08 %;25495;13326;52,27 %;5440;1853;1185;2728;824;567;695;0;0;0;0;0;0;0;0;0;0;0;0;0;0;0;0;0;0;0;0
Zijpe;4996;9;12;0,24 %;9063;5017;55,36 %;2093;926;995;982;0;0;0;0;0;0;0;0;0;0;0;0;0;0;0;0;0;0;0;0;0;0;0
Zoetermeer;47647;87;91;0,19 %;94509;47825;50,60 %;11361;7223;9823;5931;0;2912;4933;0;0;2526;2780;0;0;0;0;0;0;0;0;0;0;0;0;0;0;0;0
Zoeterwoude;3610;7;9;0,25 %;6321;3626;57,36 %;0;0;593;1604;0;0;0;0;0;0;0;0;0;0;1413;0;0;0;0;0;0;0;0;0;0;0;0
Zuidhorn;9451;9;10;0,11 %;13841;9470;68,42 %;0;1639;1250;2088;698;1739;0;2037;0;0;0;0;0;0;0;0;0;0;0;0;0;0;0;0;0;0;0
Zundert;8687;27;30;0,35 %;16813;8744;52,01 %;4032;724;1788;2143;0;0;0;0;0;0;0;0;0;0;0;0;0;0;0;0;0;0;0;0;0;0;0
Zutphen;19803;32;26;0,13 %;36236;19861;54,81 %;5515;3815;2632;1700;1894;2201;1299;747;0;0;0;0;0;0;0;0;0;0;0;0;0;0;0;0;0;0;0
Zwartewaterland;10719;20;6;0,06 %;15747;10745;68,24 %;1149;1765;861;1969;0;0;0;2604;2371;0;0;0;0;0;0;0;0;0;0;0;0;0;0;0;0;0;0
Zwijndrecht;17063;43;31;0,18 %;35166;17137;48,73 %;3010;2842;3141;2723;1539;1310;0;0;0;0;2498;0;0;0;0;0;0;0;0;0;0;0;0;0;0;0;0
Zwolle;50026;94;102;0,20 %;92479;50222;54,31 %;6835;8259;7647;7130;4186;5548;3400;7021;0;0;0;0;0;0;0;0;0;0;0;0;0;0;0;0;0;0;0
This file is created with Aspose.Cells for evaluation only with an Evaluation License. ;;;;;;;;;;;;;;;;;;;;;;;;;;;;;;;;;;
It is strictly prohibited from using it in the production of any software. ;;;;;;;;;;;;;;;;;;;;;;;;;;;;;;;;;;
Any violation of this provision shall require a mandatory purchase of pay license ;;;;;;;;;;;;;;;;;;;;;;;;;;;;;;;;;;
as well as expose the user to other legal recourse for collection and punitive damages.;;;;;;;;;;;;;;;;;;;;;;;;;;;;;;;;;;
