Verkiezingsuitslagen Provinciale Staten 2011 - Nederland;;;
# geldige stemmen;6993076;;
# ongeldige stemmen;13280;;
# blanco stemmen;7573;;
Percentage blanco stemmen;0,11%;;
# kiesgerechtigden;12532127;;
Opkomst;7013929;;
Opkomstpercentage;55,97%;;

Partij;# Stemmen;Percentage;# Zetels
VVD;1368398;19,57%;112
Partij van de Arbeid (P.v.d.A.);1211111;17,32%;107
Christen Democratisch Appèl (CDA);987282;14,12%;86
PVV (Partij voor de Vrijheid);869626;12,44%;69
Socialistische Partij;710425;10,16%;56
Democraten 66;585195;8,37%;42
GROENLINKS;440687;6,30%;34
ChristenUnie;231131;3,31%;23
50PLUS;164928;2,36%;9
Staatkundig Gereformeerde Partij (SGP);152441;2,18%;12
Partij voor de Dieren;131231;1,88%;7
ChristenUnie-SGP;34285;0,49%;1
FNP;27288;0,39%;4
Ouderenpartij Noord-Holland;21354;0,31%;1
PARTIJ VOOR ZEELAND (PVZ);9456;0,14%;2
Partij voor het Noorden;9348;0,13%;1
Partij Nieuw Limburg (PNL);7749;0,11%;0
Platform Lokale Partijen;7266;0,10%;0
Unie van Democraten (De Unie);3648;0,05%;0
Provinciaal Belang Fryslân;3558;0,05%;0
Partij voor Mens en Spirit (MenS);2681;0,04%;0
Onafhankelijke Partij Drenthe O.P.D.;2460;0,04%;0
Brabant Nu;2281;0,03%;0;;;;;;;;;;;;;;;;;;;;;;;;;;;;;;;;;;;
Platform Lokale Partijen Utrecht (PLU);2068;0,03%;0;;;;;;;;;;;;;;;;;;;;;;;;;;;;;;;;;;;
De Groenen;2058;0,03%;0;;;;;;;;;;;;;;;;;;;;;;;;;;;;;;;;;;;
Mooi Utrecht;1247;0,02%;0;;;;;;;;;;;;;;;;;;;;;;;;;;;;;;;;;;;
Solidara;1054;0,02%;0;;;;;;;;;;;;;;;;;;;;;;;;;;;;;;;;;;;
DPS/Groep van Bergen/De Groenen;970;0,01%;0;;;;;;;;;;;;;;;;;;;;;;;;;;;;;;;;;;;
Leefbaar Almere;926;0,01%;0;;;;;;;;;;;;;;;;;;;;;;;;;;;;;;;;;;;
Gelderse Centrumdemocraten (Gelderse C.D.);611;0,01%;0;;;;;;;;;;;;;;;;;;;;;;;;;;;;;;;;;;;
Verenigd Links-Feriene Lofts;313;0,00%;0;;;;;;;;;;;;;;;;;;;;;;;;;;;;;;;;;;;


Naam;# geldige stemmen;# ongeldige stemmen;# blanco stemmen;Percentage blanco stemmen;# kiesgerechtigden;Opkomst;Opkomstpercentage;VVD;Partij van de Arbeid (P.v.d.A.);Christen Democratisch Appèl (CDA);PVV (Partij voor de Vrijheid);Socialistische Partij;Democraten 66;GROENLINKS;ChristenUnie;50PLUS;Staatkundig Gereformeerde Partij (SGP);Partij voor de Dieren;ChristenUnie-SGP;FNP;Ouderenpartij Noord-Holland;PARTIJ VOOR ZEELAND (PVZ);Partij voor het Noorden;Partij Nieuw Limburg (PNL);Platform Lokale Partijen;Unie van Democraten (De Unie);Provinciaal Belang Fryslân;Partij voor Mens en Spirit (MenS);Onafhankelijke Partij Drenthe O.P.D.;Brabant Nu;Platform Lokale Partijen Utrecht (PLU);De Groenen;Mooi Utrecht;Solidara;DPS/Groep van Bergen/De Groenen;Leefbaar Almere;Gelderse Centrumdemocraten (Gelderse C.D.);Verenigd Links-Feriene Lofts
Aa en Hunze;13089;22;15;0,11%;20262;13126;64,78%;3252;4215;1093;1000;1165;897;818;235;212;16;0;0;0;0;0;0;0;0;0;0;0;170;0;0;0;0;16;0;0;0;0
Aalburg;5886;16;1;0,02%;9343;5903;63,18%;760;319;1295;819;253;107;86;0;78;0;64;2103;0;0;0;0;0;0;0;0;0;0;2;0;0;0;0;0;0;0;0
Aalsmeer;13426;24;12;0,09%;22022;13462;61,13%;4448;1564;2248;1832;708;1005;447;0;245;0;229;537;0;157;0;0;0;0;0;0;0;0;0;0;6;0;0;0;0;0;0
Aalten;12116;20;13;0,11%;20758;12149;58,53%;1919;1846;3464;1070;1576;614;472;671;210;40;198;0;0;0;0;0;0;0;0;0;18;0;0;0;0;0;0;4;0;14;0
Achtkarspelen;12066;13;6;0,05%;21541;12085;56,10%;949;2370;2855;1171;694;222;303;1678;105;0;0;0;1405;0;0;36;0;0;0;271;0;0;0;0;0;0;0;0;0;0;7
Alblasserdam;8225;9;6;0,07%;14099;8240;58,44%;1116;1277;966;926;627;526;170;812;200;1477;115;0;0;0;0;0;0;8;5;0;0;0;0;0;0;0;0;0;0;0;0
Albrandswaard;9712;16;13;0,13%;18592;9741;52,39%;2603;1180;1131;1666;885;606;328;264;264;149;221;0;0;0;0;0;0;408;7;0;0;0;0;0;0;0;0;0;0;0;0
Alkmaar;39170;84;39;0,10%;71693;39293;54,81%;6868;8507;3228;4336;5027;4107;3553;0;1053;0;1064;655;0;676;0;0;0;0;0;0;0;0;0;0;96;0;0;0;0;0;0
Almelo;26525;83;19;0,07%;54008;26627;49,30%;4430;6110;4152;3371;2840;1946;1230;1016;861;112;395;0;0;0;0;0;0;0;0;0;0;0;0;0;0;0;62;0;0;0;0
Almere;66180;130;66;0,10%;134265;66376;49,44%;15435;13125;2850;12227;6397;5335;4495;1580;1864;141;1851;0;0;0;0;0;0;0;0;0;0;0;0;0;0;0;0;0;880;0;0
Alphen aan den Rijn;30947;49;52;0,17%;54600;31048;56,86%;7466;4491;4290;3829;3166;2801;1648;1342;669;494;545;0;0;0;0;0;0;168;38;0;0;0;0;0;0;0;0;0;0;0;0
Alphen-Chaam;4340;9;2;0,05%;7297;4351;59,63%;1084;385;1207;596;378;258;207;0;139;0;69;9;0;0;0;0;0;0;0;0;0;0;8;0;0;0;0;0;0;0;0
Ameland;1781;1;1;0,06%;2651;1783;67,26%;385;305;517;221;100;52;70;14;16;0;0;0;24;0;0;4;0;0;0;73;0;0;0;0;0;0;0;0;0;0;0
Amersfoort;65112;100;60;0,09%;106609;65272;61,23%;13698;11314;6326;6114;6615;6817;6050;4430;1456;690;1339;0;0;0;0;0;0;0;0;0;0;0;0;151;0;112;0;0;0;0;0
Amstelveen;36771;62;29;0,08%;57592;36862;64,01%;10358;6016;3243;3881;2790;4972;2656;0;702;0;827;659;0;624;0;0;0;0;0;0;0;0;0;0;43;0;0;0;0;0;0
Amsterdam;297488;1126;400;0,13%;551475;299014;54,22%;45720;84869;9018;24901;31168;46394;37785;0;2848;0;8207;2433;0;3342;0;0;0;0;0;0;0;0;0;0;803;0;0;0;0;0;0
Anna Paulowna;6076;9;3;0,05%;10842;6088;56,15%;1737;995;997;826;472;362;177;0;85;0;108;100;0;211;0;0;0;0;0;0;0;0;0;0;6;0;0;0;0;0;0
Apeldoorn;68999;130;75;0,11%;120887;69204;57,25%;14233;13415;9269;6752;5384;5913;4021;3657;1688;2588;1671;0;0;0;0;0;0;0;0;0;247;0;0;0;0;0;0;92;0;69;0
Appingedam;5053;9;2;0,04%;9567;5064;52,93%;600;1530;666;455;772;218;147;283;102;0;91;0;0;0;0;189;0;0;0;0;0;0;0;0;0;0;0;0;0;0;0
Arnhem;56900;115;64;0,11%;112348;57079;50,81%;9191;12414;4283;5680;7905;7220;5785;1439;1018;115;1494;0;0;0;0;0;0;0;0;0;219;0;0;0;0;0;0;68;0;69;0
Assen;29542;31;54;0,18%;50706;29627;58,43%;4500;8212;2967;2318;3390;2169;1934;3013;502;171;0;0;0;0;0;0;0;0;0;0;0;271;0;0;0;0;95;0;0;0;0
Asten;6938;11;15;0,22%;12417;6964;56,08%;1575;755;1922;898;862;322;282;0;215;0;75;19;0;0;0;0;0;0;0;0;0;0;13;0;0;0;0;0;0;0;0
Baarle-Nassau;2741;5;0;0,00%;5229;2746;52,51%;480;254;828;480;272;119;124;0;100;0;68;12;0;0;0;0;0;0;0;0;0;0;4;0;0;0;0;0;0;0;0
Baarn;11727;21;6;0,05%;18853;11754;62,35%;3331;1554;1423;1316;884;1134;796;467;237;115;292;0;0;0;0;0;0;0;0;0;0;0;0;18;0;160;0;0;0;0;0
Barendrecht;18157;26;5;0,03%;34194;18188;53,19%;4425;2183;2362;2970;1440;1189;780;743;526;1097;366;0;0;0;0;0;0;61;15;0;0;0;0;0;0;0;0;0;0;0;0
Barneveld;26107;29;14;0,05%;38032;26150;68,76%;4382;1311;5785;2796;820;707;517;3044;227;6212;205;0;0;0;0;0;0;0;0;0;52;0;0;0;0;0;0;32;0;17;0
Bedum;5367;4;5;0,09%;8107;5376;66,31%;538;1060;1192;281;534;241;304;795;64;0;72;0;0;0;0;286;0;0;0;0;0;0;0;0;0;0;0;0;0;0;0
Beek;7584;15;9;0,12%;13199;7608;57,64%;1106;920;1784;1642;733;449;427;38;263;0;134;0;0;0;0;0;88;0;0;0;0;0;0;0;0;0;0;0;0;0;0
Beemster;4519;4;1;0,02%;6649;4524;68,04%;1476;630;565;652;281;377;217;0;101;0;94;23;0;93;0;0;0;0;0;0;0;0;0;0;10;0;0;0;0;0;0
Beesel;5397;12;6;0,11%;10666;5415;50,77%;915;688;1121;1386;498;216;197;31;193;0;83;0;0;0;0;0;69;0;0;0;0;0;0;0;0;0;0;0;0;0;0
Bellingwedde;4448;6;4;0,09%;7394;4458;60,29%;647;1322;366;548;762;135;179;128;82;0;133;0;0;0;0;146;0;0;0;0;0;0;0;0;0;0;0;0;0;0;0
Bergambacht;5014;4;3;0,06%;7316;5021;68,63%;1160;698;692;575;297;208;146;313;80;730;88;0;0;0;0;0;0;25;2;0;0;0;0;0;0;0;0;0;0;0;0
Bergeijk;7522;10;8;0,11%;13867;7540;54,37%;1374;696;2412;1084;934;373;289;0;206;0;110;33;0;0;0;0;0;0;0;0;0;0;11;0;0;0;0;0;0;0;0
Bergen (L);5028;3;7;0,14%;10332;5038;48,76%;777;578;1654;885;606;175;130;12;142;0;45;0;0;0;0;0;24;0;0;0;0;0;0;0;0;0;0;0;0;0;0
Bergen (NH);15547;17;10;0,06%;24298;15574;64,10%;4252;2432;1822;1861;1303;1487;1234;0;247;0;519;103;0;262;0;0;0;0;0;0;0;0;0;0;25;0;0;0;0;0;0
Bergen op Zoom;24114;65;30;0,12%;50002;24209;48,42%;5290;3856;2948;4667;2519;1960;1333;0;769;0;496;226;0;0;0;0;0;0;0;0;0;0;50;0;0;0;0;0;0;0;0
Berkelland;21031;18;17;0,08%;34846;21066;60,45%;4644;4262;4456;1897;2326;1379;885;341;404;32;307;0;0;0;0;0;0;0;0;0;66;0;0;0;0;0;0;16;0;16;0
Bernheze;11372;19;9;0,08%;22379;11400;50,94%;2278;1148;3065;1260;1784;731;523;0;360;0;152;44;0;0;0;0;0;0;0;0;0;0;27;0;0;0;0;0;0;0;0
Bernisse;5529;4;10;0,18%;9835;5543;56,36%;1604;709;803;912;460;254;165;225;161;85;118;0;0;0;0;0;0;32;1;0;0;0;0;0;0;0;0;0;0;0;0
Best;11526;10;12;0,10%;21434;11548;53,88%;2603;1323;1952;1461;1527;991;538;0;704;0;180;230;0;0;0;0;0;0;0;0;0;0;17;0;0;0;0;0;0;0;0
Beuningen;10177;10;17;0,17%;19533;10204;52,24%;2196;1641;1535;1300;1518;814;532;85;336;14;177;0;0;0;0;0;0;0;0;0;20;0;0;0;0;0;0;9;0;0;0
Beverwijk;14453;23;11;0,08%;29189;14487;49,63%;2685;2844;1452;2312;1567;1184;1147;0;303;0;369;137;0;421;0;0;0;0;0;0;0;0;0;0;32;0;0;0;0;0;0
Binnenmaas;12931;19;9;0,07%;22565;12959;57,43%;3039;1865;1869;1809;1040;619;463;550;337;994;270;0;0;0;0;0;0;73;3;0;0;0;0;0;0;0;0;0;0;0;0
Bladel;7595;14;6;0,08%;14854;7615;51,27%;1516;769;1882;1051;1097;404;365;0;291;0;163;43;0;0;0;0;0;0;0;0;0;0;14;0;0;0;0;0;0;0;0
Blaricum;4781;10;6;0,13%;6952;4797;69,00%;1929;512;498;506;289;518;217;0;100;0;94;59;0;54;0;0;0;0;0;0;0;0;0;0;5;0;0;0;0;0;0
Bloemendaal;12215;14;9;0,07%;16477;12238;74,27%;4850;1309;1429;786;596;1768;769;0;129;0;309;133;0;119;0;0;0;0;0;0;0;0;0;0;18;0;0;0;0;0;0
Boarnsterhim;9519;6;8;0,08%;14659;9533;65,03%;1735;2674;1121;630;714;489;538;178;79;0;0;0;1208;0;0;28;0;0;0;123;0;0;0;0;0;0;0;0;0;0;2
Bodegraven-Reeuwijk;15585;25;10;0,06%;24480;15620;63,81%;3898;1376;3178;1784;782;848;693;1011;301;1414;225;0;0;0;0;0;0;65;10;0;0;0;0;0;0;0;0;0;0;0;0
Boekel;4003;6;12;0,30%;7336;4021;54,81%;704;341;1222;572;638;154;145;0;136;0;70;14;0;0;0;0;0;0;0;0;0;0;7;0;0;0;0;0;0;0;0
Borger-Odoorn;11939;15;8;0,07%;20479;11962;58,41%;2273;3530;1445;1267;1165;714;579;514;240;51;0;0;0;0;0;0;0;0;0;0;0;142;0;0;0;0;19;0;0;0;0
Borne;9512;17;12;0,13%;16236;9541;58,76%;1688;1727;2244;913;1075;910;437;136;263;12;97;0;0;0;0;0;0;0;0;0;0;0;0;0;0;0;10;0;0;0;0
Borsele;10564;11;3;0,03%;17024;10578;62,14%;1474;1341;1920;1094;729;394;349;368;162;1961;185;0;0;0;587;0;0;0;0;0;0;0;0;0;0;0;0;0;0;0;0
Boskoop;7017;5;9;0,13%;11071;7031;63,51%;1898;685;1317;820;462;454;399;353;125;346;136;0;0;0;0;0;0;14;8;0;0;0;0;0;0;0;0;0;0;0;0
Boxmeer;12903;21;19;0,15%;21770;12943;59,45%;2126;967;3100;1301;4017;582;421;0;167;0;139;74;0;0;0;0;0;0;0;0;0;0;9;0;0;0;0;0;0;0;0
Boxtel;11906;36;22;0,18%;23018;11964;51,98%;2141;1667;2153;1319;1736;1241;837;0;497;0;216;82;0;0;0;0;0;0;0;0;0;0;17;0;0;0;0;0;0;0;0
Breda;68571;137;81;0,12%;132684;68789;51,84%;16665;10767;7878;8205;7949;7886;5324;0;1752;0;1402;588;0;0;0;0;0;0;0;0;0;0;155;0;0;0;0;0;0;0;0
Brielle;6662;2;9;0,14%;12372;6673;53,94%;1768;964;638;1076;1049;401;241;104;186;34;153;0;0;0;0;0;0;46;2;0;0;0;0;0;0;0;0;0;0;0;0
Bronckhorst;18339;19;16;0,09%;29442;18374;62,41%;4567;3210;4162;1663;1480;1168;753;416;321;179;325;0;0;0;0;0;0;0;0;0;63;0;0;0;0;0;0;16;0;16;0
Brummen;9312;12;6;0,06%;16503;9330;56,54%;2189;2352;1159;969;829;670;477;159;211;38;190;0;0;0;0;0;0;0;0;0;41;0;0;0;0;0;0;22;0;6;0
Brunssum;11073;15;28;0,25%;23456;11116;47,39%;1391;1649;1516;3115;1584;403;422;193;462;0;221;0;0;0;0;0;117;0;0;0;0;0;0;0;0;0;0;0;0;0;0
Bunnik;7739;12;7;0,09%;10927;7758;71,00%;1748;950;1303;613;560;857;1102;143;154;114;165;0;0;0;0;0;0;0;0;0;0;0;0;22;0;8;0;0;0;0;0
Bunschoten;9109;26;5;0,05%;14733;9140;62,04%;1227;325;2673;1142;216;127;98;2654;122;452;51;0;0;0;0;0;0;0;0;0;0;0;0;10;0;12;0;0;0;0;0
Buren;11871;16;1;0,01%;19936;11888;59,63%;3373;1734;1489;1852;666;753;427;284;282;704;287;0;0;0;0;0;0;0;0;0;15;0;0;0;0;0;0;5;0;0;0
Bussum;14929;15;9;0,06%;23899;14953;62,57%;4877;2116;1362;1311;1012;2041;1082;0;297;0;335;297;0;176;0;0;0;0;0;0;0;0;0;0;23;0;0;0;0;0;0
Capelle aan den IJssel;25278;62;19;0,08%;50232;25359;50,48%;4692;4102;1984;4358;2612;1823;949;1096;767;1771;592;0;0;0;0;0;0;518;14;0;0;0;0;0;0;0;0;0;0;0;0
Castricum;17963;22;10;0,06%;26796;17995;67,16%;4636;3004;2439;1828;1597;1847;1480;0;285;0;398;129;0;296;0;0;0;0;0;0;0;0;0;0;24;0;0;0;0;0;0
Coevorden;16135;27;12;0,07%;28004;16174;57,76%;3778;4227;2659;1639;1468;831;577;435;287;72;0;0;0;0;0;0;0;0;0;0;0;150;0;0;0;0;12;0;0;0;0
Cranendonck;7847;2;6;0,08%;15775;7855;49,79%;1580;1069;1746;1393;991;381;241;0;229;0;152;49;0;0;0;0;0;0;0;0;0;0;16;0;0;0;0;0;0;0;0
Cromstrijen;5783;9;4;0,07%;10084;5796;57,48%;1414;841;865;755;540;310;196;190;147;420;88;0;0;0;0;0;0;16;1;0;0;0;0;0;0;0;0;0;0;0;0
Cuijk;9990;18;4;0,04%;18470;10012;54,21%;1722;1366;2018;1282;2064;674;468;0;205;0;131;36;0;0;0;0;0;0;0;0;0;0;24;0;0;0;0;0;0;0;0
Culemborg;12120;16;12;0,10%;20189;12148;60,17%;2395;2255;1314;1609;1090;1115;1332;354;240;113;248;0;0;0;0;0;0;0;0;0;45;0;0;0;0;0;0;10;0;0;0
Dalfsen;13491;15;6;0,04%;20640;13512;65,47%;2201;1688;4307;1002;812;696;466;1496;379;303;137;0;0;0;0;0;0;0;0;0;0;0;0;0;0;0;4;0;0;0;0
Dantumadiel;8843;17;9;0,10%;14960;8869;59,28%;584;1625;2329;873;563;184;261;1378;102;0;0;0;806;0;0;17;0;0;0;116;0;0;0;0;0;0;0;0;0;0;5
De Bilt;22702;41;21;0,09%;32270;22764;70,54%;6028;2836;2518;2140;2097;2570;1955;691;490;776;503;0;0;0;0;0;0;0;0;0;0;0;0;49;0;49;0;0;0;0;0
De Marne;5128;10;5;0,10%;8271;5143;62,18%;697;1176;948;409;583;167;338;484;68;0;142;0;0;0;0;116;0;0;0;0;0;0;0;0;0;0;0;0;0;0;0
De Ronde Venen;20278;22;13;0,06%;32290;20313;62,91%;6534;1999;3660;2587;1072;1513;982;596;364;395;328;0;0;0;0;0;0;0;0;0;0;0;0;220;0;28;0;0;0;0;0
De Wolden;11873;17;5;0,04%;18358;11895;64,79%;3376;2274;2191;1099;710;772;583;475;157;72;0;0;0;0;0;0;0;0;0;0;0;152;0;0;0;0;12;0;0;0;0
Delft;41470;102;100;0,24%;72207;41672;57,71%;6589;7461;3304;4354;4357;7658;4161;1259;797;266;960;0;0;0;0;0;0;240;64;0;0;0;0;0;0;0;0;0;0;0;0
Delfzijl;10647;21;13;0,12%;20872;10681;51,17%;1394;2824;1435;1196;1298;409;358;767;284;0;199;0;0;0;0;483;0;0;0;0;0;0;0;0;0;0;0;0;0;0;0
Den Helder;21279;52;14;0,07%;44830;21345;47,61%;4394;3223;1860;3705;2512;2145;585;0;662;0;455;1155;0;562;0;0;0;0;0;0;0;0;0;0;21;0;0;0;0;0;0
Deurne;12366;22;18;0,15%;24563;12406;50,51%;2513;1408;3318;1760;1652;623;475;0;372;0;155;67;0;0;0;0;0;0;0;0;0;0;23;0;0;0;0;0;0;0;0
Deventer;42439;86;25;0,06%;73121;42550;58,19%;7260;11694;4603;3286;4143;4687;3689;1171;923;100;795;0;0;0;0;0;0;0;0;0;0;0;0;0;0;0;88;0;0;0;0
Diemen;10439;27;14;0,13%;18265;10480;57,38%;2158;2361;588;1558;1163;1069;802;0;195;0;237;136;0;157;0;0;0;0;0;0;0;0;0;0;15;0;0;0;0;0;0
Dinkelland;11442;17;6;0,05%;19563;11465;58,61%;2237;1017;4949;1158;662;581;330;69;344;8;86;0;0;0;0;0;0;0;0;0;0;0;0;0;0;0;1;0;0;0;0
Dirksland;3887;4;1;0,03%;6339;3892;61,40%;587;405;427;535;279;109;57;252;72;1077;52;0;0;0;0;0;0;34;1;0;0;0;0;0;0;0;0;0;0;0;0
Doesburg;5144;6;10;0,19%;8933;5160;57,76%;939;1045;563;566;928;505;268;104;93;15;99;0;0;0;0;0;0;0;0;0;17;0;0;0;0;0;0;2;0;0;0
Doetinchem;23804;41;6;0,03%;43214;23851;55,19%;4418;4890;3706;2343;3160;1777;1475;550;623;299;432;0;0;0;0;0;0;0;0;0;89;0;0;0;0;0;0;19;0;23;0
Dongen;10045;24;11;0,11%;19305;10080;52,21%;2123;1495;1713;1287;1513;833;461;0;289;0;175;142;0;0;0;0;0;0;0;0;0;0;14;0;0;0;0;0;0;0;0
Dongeradeel;11215;16;6;0,05%;18710;11237;60,06%;1062;1888;3215;876;783;226;374;1154;101;0;0;0;1242;0;0;27;0;0;0;264;0;0;0;0;0;0;0;0;0;0;3
Dordrecht;43806;144;57;0,13%;88647;44007;49,64%;7578;7825;4049;6389;5169;3970;2481;2299;1125;1603;1120;0;0;0;0;0;0;116;82;0;0;0;0;0;0;0;0;0;0;0;0
Drechterland;8731;9;12;0,14%;14610;8752;59,90%;2363;1043;1466;1237;877;603;359;0;356;0;151;68;0;198;0;0;0;0;0;0;0;0;0;0;10;0;0;0;0;0;0
Drimmelen;10647;17;11;0,10%;20794;10675;51,34%;2468;1477;1889;1738;1151;719;528;0;383;0;210;72;0;0;0;0;0;0;0;0;0;0;12;0;0;0;0;0;0;0;0
Dronten;17698;30;12;0,07%;28965;17740;61,25%;4843;1980;3417;2029;1289;1034;948;1298;364;213;281;0;0;0;0;0;0;0;0;0;0;0;0;0;0;0;0;0;2;0;0
Druten;7098;12;7;0,10%;13683;7117;52,01%;1461;1198;1312;940;1026;507;332;37;156;5;108;0;0;0;0;0;0;0;0;0;13;0;0;0;0;0;0;3;0;0;0
Duiven;10451;17;7;0,07%;19093;10475;54,86%;2455;1706;1664;1250;1270;778;586;217;286;21;175;0;0;0;0;0;0;0;0;0;27;0;0;0;0;0;0;7;0;9;0
Echt-Susteren;14201;15;29;0,20%;25684;14245;55,46%;1656;1375;3623;3878;1395;442;756;128;468;0;266;0;0;0;0;0;214;0;0;0;0;0;0;0;0;0;0;0;0;0;0
Edam-Volendam;12803;17;6;0,05%;21685;12826;59,15%;2077;1021;4027;3538;633;501;460;0;157;0;190;62;0;124;0;0;0;0;0;0;0;0;0;0;13;0;0;0;0;0;0
Ede;51881;108;29;0,06%;80625;52018;64,52%;9387;5468;8999;5697;2739;3028;2300;5712;733;6855;799;0;0;0;0;0;0;0;0;0;90;0;0;0;0;0;0;31;0;43;0
Eemnes;4290;6;5;0,12%;6561;4301;65,55%;1246;553;670;548;332;388;182;106;111;37;97;0;0;0;0;0;0;0;0;0;0;0;0;7;0;13;0;0;0;0;0
Eemsmond;7961;15;9;0,11%;12650;7985;63,12%;929;2070;1429;537;872;211;369;960;178;0;188;0;0;0;0;218;0;0;0;0;0;0;0;0;0;0;0;0;0;0;0
Eersel;7846;10;12;0,15%;14221;7868;55,33%;1606;813;2244;942;884;504;449;0;230;0;116;51;0;0;0;0;0;0;0;0;0;0;7;0;0;0;0;0;0;0;0
Eijsden-Margraten;11249;20;11;0,10%;19488;11280;57,88%;1789;1396;3001;1730;821;639;643;38;484;0;182;0;0;0;0;0;526;0;0;0;0;0;0;0;0;0;0;0;0;0;0
Eindhoven;78602;142;130;0,17%;160219;78874;49,23%;14101;13235;8300;9519;11932;8691;6579;0;3106;0;1640;1178;0;0;0;0;0;0;0;0;0;0;321;0;0;0;0;0;0;0;0
Elburg;10592;18;7;0,07%;16737;10617;63,43%;1532;817;2072;981;557;298;227;1936;151;1895;104;0;0;0;0;0;0;0;0;0;9;0;0;0;0;0;0;6;0;7;0
Emmen;42522;79;49;0,12%;84816;42650;50,29%;5638;13206;6766;5241;4777;2181;1572;1661;929;144;0;0;0;0;0;0;0;0;0;0;0;380;0;0;0;0;27;0;0;0;0
Enkhuizen;7909;7;6;0,08%;13895;7922;57,01%;1561;1543;842;1081;1041;570;405;0;204;0;172;336;0;146;0;0;0;0;0;0;0;0;0;0;8;0;0;0;0;0;0
Enschede;57934;112;80;0,14%;118237;58126;49,16%;8871;14335;6181;5723;6122;6702;3988;2713;1953;200;964;0;0;0;0;0;0;0;0;0;0;0;0;0;0;0;182;0;0;0;0
Epe;15322;38;18;0,12%;25736;15378;59,75%;3504;2846;2564;1600;901;893;611;791;504;716;350;0;0;0;0;0;0;0;0;0;31;0;0;0;0;0;0;4;0;7;0
Ermelo;13088;20;17;0,13%;20332;13125;64,55%;2487;1181;3066;1371;730;623;541;1655;192;956;223;0;0;0;0;0;0;0;0;0;28;0;0;0;0;0;0;26;0;9;0
Etten-Leur;15890;31;16;0,10%;31756;15937;50,19%;3602;2319;2425;2611;1805;1259;790;0;679;0;229;128;0;0;0;0;0;0;0;0;0;0;43;0;0;0;0;0;0;0;0
Ferwerderadiel;4043;3;2;0,05%;6743;4048;60,03%;426;721;1064;291;257;98;134;350;56;0;0;0;579;0;0;13;0;0;0;50;0;0;0;0;0;0;0;0;0;0;4
Franekeradeel;9443;12;8;0,08%;15936;9463;59,38%;1225;1977;1855;813;914;317;431;511;126;0;0;0;1033;0;0;23;0;0;0;208;0;0;0;0;0;0;0;0;0;0;10
Gaasterlân-Sleat;5139;14;6;0,12%;7968;5159;64,75%;755;699;1303;450;270;149;207;232;87;0;0;0;942;0;0;11;0;0;0;32;0;0;0;0;0;0;0;0;0;0;2
Geertruidenberg;7897;15;9;0,11%;16693;7921;47,45%;1735;1161;1221;1339;999;417;477;0;283;0;147;100;0;0;0;0;0;0;0;0;0;0;18;0;0;0;0;0;0;0;0
Geldermalsen;12432;16;7;0,06%;19546;12455;63,72%;2993;1569;1925;1800;730;758;488;339;213;1386;197;0;0;0;0;0;0;0;0;0;21;0;0;0;0;0;0;13;0;0;0
Geldrop-Mierlo;15395;11;28;0,18%;29515;15434;52,29%;2960;1962;2549;2014;2506;1268;1061;0;595;0;275;168;0;0;0;0;0;0;0;0;0;0;37;0;0;0;0;0;0;0;0
Gemert-Bakel;11436;37;11;0,10%;22070;11484;52,03%;1888;1063;3365;1634;1962;522;476;0;295;0;172;44;0;0;0;0;0;0;0;0;0;0;15;0;0;0;0;0;0;0;0
Gennep;6829;5;4;0,06%;13445;6838;50,86%;1032;827;1291;773;1432;982;197;31;122;0;81;0;0;0;0;0;61;0;0;0;0;0;0;0;0;0;0;0;0;0;0
Giessenlanden;7343;5;5;0,07%;10930;7353;67,27%;1752;904;1455;780;525;292;191;740;135;466;80;0;0;0;0;0;0;17;6;0;0;0;0;0;0;0;0;0;0;0;0
Gilze en Rijen;10271;17;9;0,09%;19421;10297;53,02%;2087;1578;1825;1602;1257;788;502;0;411;0;159;47;0;0;0;0;0;0;0;0;0;0;15;0;0;0;0;0;0;0;0
Goedereede;5902;7;4;0,07%;8786;5913;67,30%;1024;434;923;711;403;115;70;336;115;1646;56;0;0;0;0;0;0;66;3;0;0;0;0;0;0;0;0;0;0;0;0
Goes;16872;22;7;0,04%;28678;16901;58,93%;3018;2906;2410;1631;1713;930;933;891;343;1388;297;0;0;0;412;0;0;0;0;0;0;0;0;0;0;0;0;0;0;0;0
Goirle;9769;4;11;0,11%;17785;9784;55,01%;2132;1448;1445;1141;1420;856;698;0;358;0;206;44;0;0;0;0;0;0;0;0;0;0;21;0;0;0;0;0;0;0;0
Gorinchem;13891;39;17;0,12%;25645;13947;54,38%;2922;2626;1403;1765;1695;1103;661;756;280;336;273;0;0;0;0;0;0;40;31;0;0;0;0;0;0;0;0;0;0;0;0
Gouda;31933;93;46;0,14%;52553;32072;61,03%;5114;5949;3109;4463;3024;2742;2402;1928;670;1618;739;0;0;0;0;0;0;150;25;0;0;0;0;0;0;0;0;0;0;0;0
Graafstroom;4859;6;6;0,12%;7003;4871;69,56%;618;299;1373;350;185;93;94;715;61;1015;50;0;0;0;0;0;0;3;3;0;0;0;0;0;0;0;0;0;0;0;0
Graft-De Rijp;3357;5;1;0,03%;4935;3363;68,15%;1008;516;472;434;300;243;145;0;92;0;72;9;0;58;0;0;0;0;0;0;0;0;0;0;8;0;0;0;0;0;0
Grave;5402;8;2;0,04%;9545;5412;56,70%;1134;702;990;736;906;329;263;0;157;0;145;31;0;0;0;0;0;0;0;0;0;0;9;0;0;0;0;0;0;0;0
Groesbeek;8013;14;5;0,06%;15058;8032;53,34%;1189;1528;1545;1103;1021;530;597;59;188;10;196;0;0;0;0;0;0;0;0;0;25;0;0;0;0;0;0;22;0;0;0
Groningen;88386;86;145;0,16%;151634;88617;58,44%;11167;21369;5544;4746;12229;12404;9928;4765;986;0;2271;0;0;0;0;2977;0;0;0;0;0;0;0;0;0;0;0;0;0;0;0
Grootegast;5274;6;4;0,08%;9112;5284;57,99%;635;758;1684;448;412;164;168;769;64;0;76;0;0;0;0;96;0;0;0;0;0;0;0;0;0;0;0;0;0;0;0
Gulpen-Wittem;6774;10;13;0,19%;11710;6797;58,04%;806;872;1757;1326;599;296;497;46;339;0;145;0;0;0;0;0;91;0;0;0;0;0;0;0;0;0;0;0;0;0;0
Haaksbergen;10843;16;9;0,08%;18767;10868;57,91%;2052;1703;2781;1159;823;750;353;96;995;12;111;0;0;0;0;0;0;0;0;0;0;0;0;0;0;0;8;0;0;0;0
Haaren;5779;5;9;0,16%;10488;5793;55,23%;1302;557;1568;626;573;410;363;0;185;0;155;30;0;0;0;0;0;0;0;0;0;0;10;0;0;0;0;0;0;0;0
Haarlem;65991;141;79;0,12%;113441;66211;58,37%;11669;14390;4354;6286;7275;9419;7035;0;980;0;2015;1047;0;1368;0;0;0;0;0;0;0;0;0;0;153;0;0;0;0;0;0
Haarlemmerliede en Spaarnwoude;2600;4;2;0,08%;4133;2606;63,05%;730;354;364;348;166;281;156;0;59;0;54;30;0;54;0;0;0;0;0;0;0;0;0;0;4;0;0;0;0;0;0
Haarlemmermeer;59084;104;53;0,09%;103921;59241;57,01%;18012;8423;6663;9234;3633;5463;2700;0;947;0;1264;1804;0;876;0;0;0;0;0;0;0;0;0;0;65;0;0;0;0;0;0
Halderberge;11136;21;7;0,06%;22730;11164;49,12%;2431;1410;1983;2141;1161;694;410;0;621;0;181;75;0;0;0;0;0;0;0;0;0;0;29;0;0;0;0;0;0;0;0
Hardenberg;26212;33;16;0,06%;44649;26261;58,82%;3734;3683;7524;2330;1723;951;796;4185;522;494;257;0;0;0;0;0;0;0;0;0;0;0;0;0;0;0;13;0;0;0;0
Harderwijk;19713;52;15;0,08%;33661;19780;58,76%;4176;2463;3860;2225;1273;1220;898;2355;296;543;321;0;0;0;0;0;0;0;0;0;42;0;0;0;0;0;0;25;0;16;0
Hardinxveld-Giessendam;8548;9;7;0,08%;13069;8564;65,53%;997;890;1367;964;377;145;128;1556;131;1918;57;0;0;0;0;0;0;13;5;0;0;0;0;0;0;0;0;0;0;0;0
Haren;10705;11;5;0,05%;14321;10721;74,86%;2441;1988;1355;583;928;1199;1022;676;102;0;214;0;0;0;0;197;0;0;0;0;0;0;0;0;0;0;0;0;0;0;0
Harenkarspel;6706;9;2;0,03%;11921;6717;56,35%;1672;960;1305;852;557;481;355;0;122;0;163;54;0;175;0;0;0;0;0;0;0;0;0;0;10;0;0;0;0;0;0
Harlingen;7191;10;8;0,11%;12233;7209;58,93%;1198;1823;827;858;943;243;403;327;238;0;0;0;252;0;0;31;0;0;0;44;0;0;0;0;0;0;0;0;0;0;4
Hattem;5957;3;3;0,05%;9002;5963;66,24%;993;1171;1001;355;312;364;240;1187;105;146;62;0;0;0;0;0;0;0;0;0;14;0;0;0;0;0;0;4;0;3;0
Heemskerk;16337;32;22;0,13%;29879;16391;54,86%;3327;2949;2046;2263;1655;1427;1221;0;351;0;374;245;0;448;0;0;0;0;0;0;0;0;0;0;31;0;0;0;0;0;0
Heemstede;13967;21;9;0,06%;19941;13997;70,19%;4926;1877;1590;1011;770;1965;1006;0;205;0;272;152;0;163;0;0;0;0;0;0;0;0;0;0;30;0;0;0;0;0;0
Heerde;8873;17;7;0,08%;14281;8897;62,30%;1440;1524;1996;767;439;369;311;1387;160;311;141;0;0;0;0;0;0;0;0;0;15;0;0;0;0;0;0;5;0;8;0
Heerenveen;20045;42;28;0,14%;33685;20115;59,72%;3110;5940;2327;1581;1711;1245;1181;903;242;0;0;0;1464;0;0;109;0;0;0;204;0;0;0;0;0;0;0;0;0;0;28
Heerhugowaard;20496;48;23;0,11%;38395;20567;53,57%;4909;3541;2477;2807;2236;1726;1067;0;331;0;400;436;0;543;0;0;0;0;0;0;0;0;0;0;23;0;0;0;0;0;0
Heerlen;32323;81;36;0,11%;70827;32440;45,80%;3843;5180;4159;6829;6671;1461;1463;309;1340;0;620;0;0;0;0;0;448;0;0;0;0;0;0;0;0;0;0;0;0;0;0
Heeze-Leende;7124;13;8;0,11%;11919;7145;59,95%;1713;741;1659;757;1016;549;367;0;154;0;109;43;0;0;0;0;0;0;0;0;0;0;16;0;0;0;0;0;0;0;0
Heiloo;11645;9;11;0,09%;17411;11665;67,00%;3250;1889;1460;1050;858;1347;866;0;231;0;321;125;0;232;0;0;0;0;0;0;0;0;0;0;16;0;0;0;0;0;0
Hellendoorn;16108;23;6;0,04%;27542;16137;58,59%;2291;2091;5574;1493;1269;834;661;1162;425;108;193;0;0;0;0;0;0;0;0;0;0;0;0;0;0;0;7;0;0;0;0
Hellevoetsluis;14615;33;24;0,16%;30462;14672;48,16%;3605;2367;945;3002;1765;803;513;311;564;69;417;0;0;0;0;0;0;235;19;0;0;0;0;0;0;0;0;0;0;0;0
Helmond;29357;57;33;0,11%;64128;29447;45,92%;5780;4225;4023;5036;4815;1908;1705;0;994;0;467;194;0;0;0;0;0;0;0;0;0;0;210;0;0;0;0;0;0;0;0
Hendrik-Ido-Ambacht;11264;20;13;0,12%;20434;11297;55,29%;2317;1319;1313;1470;789;554;276;775;328;1894;197;0;0;0;0;0;0;28;4;0;0;0;0;0;0;0;0;0;0;0;0
Hengelo;34270;61;25;0,07%;61224;34356;56,12%;5454;6909;5252;3461;5153;3148;2189;908;1120;83;525;0;0;0;0;0;0;0;0;0;0;0;0;0;0;0;68;0;0;0;0
het Bildt;4781;8;3;0,06%;8036;4792;59,63%;606;1096;1070;402;442;109;200;203;46;0;0;0;529;0;0;17;0;0;0;57;0;0;0;0;0;0;0;0;0;0;4
Heumen;8034;11;6;0,07%;12491;8051;64,45%;1719;1242;1422;646;1050;865;686;71;146;1;144;0;0;0;0;0;0;0;0;0;22;0;0;0;0;0;0;20;0;0;0
Heusden;16797;28;9;0,05%;32947;16834;51,09%;3914;1984;3114;2529;2010;1275;830;0;599;0;306;199;0;0;0;0;0;0;0;0;0;0;37;0;0;0;0;0;0;0;0
Hillegom;9320;19;6;0,06%;15662;9345;59,67%;2676;1184;1381;1377;769;788;490;123;188;67;227;0;0;0;0;0;0;48;2;0;0;0;0;0;0;0;0;0;0;0;0
Hilvarenbeek;6733;9;7;0,10%;11544;6749;58,46%;1446;754;1691;748;817;492;369;0;216;0;155;37;0;0;0;0;0;0;0;0;0;0;8;0;0;0;0;0;0;0;0
Hilversum;38119;81;21;0,06%;63564;38221;60,13%;9271;6346;3092;4084;4129;4861;2775;0;1009;0;913;1234;0;359;0;0;0;0;0;0;0;0;0;0;46;0;0;0;0;0;0
Hof van Twente;17186;18;16;0,09%;27388;17220;62,87%;3847;3258;4861;1494;1248;1104;535;226;382;61;159;0;0;0;0;0;0;0;0;0;0;0;0;0;0;0;11;0;0;0;0
Hoogeveen;23434;29;17;0,07%;42340;23480;55,46%;3343;4705;5822;2715;2256;865;755;2041;361;403;0;0;0;0;0;0;0;0;0;0;0;150;0;0;0;0;18;0;0;0;0
Hoogezand-Sappemeer;13857;10;12;0,09%;27066;13879;51,28%;1984;3988;1094;1434;1987;758;786;751;380;0;317;0;0;0;0;378;0;0;0;0;0;0;0;0;0;0;0;0;0;0;0
Hoorn;28827;38;40;0,14%;53013;28905;54,52%;6422;5833;2464;3634;3562;2648;1685;0;590;0;751;387;0;809;0;0;0;0;0;0;0;0;0;0;42;0;0;0;0;0;0
Horst aan de Maas;17509;28;29;0,17%;31663;17566;55,48%;2943;1410;5236;2776;2990;651;734;88;447;0;160;0;0;0;0;0;74;0;0;0;0;0;0;0;0;0;0;0;0;0;0
Houten;22045;19;13;0,06%;34797;22077;63,45%;5019;2795;2775;2353;1854;2375;1889;1375;450;631;412;0;0;0;0;0;0;0;0;0;0;0;0;79;0;38;0;0;0;0;0
Huizen;19654;23;13;0,07%;31828;19690;61,86%;5477;2624;2525;2185;1281;1737;1124;0;331;0;388;1662;0;299;0;0;0;0;0;0;0;0;0;0;21;0;0;0;0;0;0
Hulst;10613;15;12;0,11%;20319;10640;52,36%;1856;1814;2173;1719;1185;306;264;63;255;16;184;0;0;0;778;0;0;0;0;0;0;0;0;0;0;0;0;0;0;0;0
IJsselstein;13918;26;15;0,11%;25110;13959;55,59%;3572;2109;1702;1986;1299;1241;777;343;382;190;234;0;0;0;0;0;0;0;0;0;0;0;0;55;0;28;0;0;0;0;0
Kaag en Braassem;12057;16;11;0,09%;19709;12084;61,31%;3474;1149;2673;1728;954;801;561;136;275;65;200;0;0;0;0;0;0;40;1;0;0;0;0;0;0;0;0;0;0;0;0
Kampen;23656;32;13;0,05%;37185;23701;63,74%;2305;2890;5122;1947;2166;920;1181;3623;405;2820;261;0;0;0;0;0;0;0;0;0;0;0;0;0;0;0;16;0;0;0;0
Kapelle;6133;3;5;0,08%;9211;6141;66,67%;1142;838;1067;555;451;254;162;379;114;867;93;0;0;0;211;0;0;0;0;0;0;0;0;0;0;0;0;0;0;0;0
Katwijk;25270;47;30;0,12%;46004;25347;55,10%;4391;1938;6046;3239;1381;936;682;2811;420;2936;362;0;0;0;0;0;0;109;19;0;0;0;0;0;0;0;0;0;0;0;0
Kerkrade;15685;25;24;0,15%;36105;15734;43,58%;1459;3327;2305;3994;2119;388;665;101;730;0;324;0;0;0;0;0;273;0;0;0;0;0;0;0;0;0;0;0;0;0;0
Koggenland;9817;16;11;0,11%;16591;9844;59,33%;2542;1139;2258;1239;724;589;425;0;351;0;203;70;0;267;0;0;0;0;0;0;0;0;0;0;10;0;0;0;0;0;0
Kollumerland en Nieuwkruisland;5642;5;16;0,28%;9971;5663;56,79%;625;800;1553;523;373;115;147;584;46;0;0;0;788;0;0;29;0;0;0;40;0;0;0;0;0;0;0;0;0;0;19
Korendijk;5087;9;5;0,10%;8344;5101;61,13%;986;503;654;676;364;196;179;221;109;1061;113;0;0;0;0;0;0;25;0;0;0;0;0;0;0;0;0;0;0;0;0
Krimpen aan den IJssel;13496;20;7;0,05%;21940;13523;61,64%;2405;1960;1423;1830;931;694;462;843;351;2150;201;0;0;0;0;0;0;241;5;0;0;0;0;0;0;0;0;0;0;0;0
Laarbeek;8722;16;4;0,05%;16556;8742;52,80%;1724;973;2011;1191;1459;398;571;0;238;0;111;36;0;0;0;0;0;0;0;0;0;0;10;0;0;0;0;0;0;0;0
Landerd;6465;9;7;0,11%;11389;6481;56,91%;1237;712;1725;816;1000;299;268;0;201;0;170;26;0;0;0;0;0;0;0;0;0;0;11;0;0;0;0;0;0;0;0
Landgraaf;14397;20;16;0,11%;30325;14433;47,59%;1446;1938;2118;3451;2219;473;627;122;602;0;300;0;0;0;0;0;1101;0;0;0;0;0;0;0;0;0;0;0;0;0;0
Landsmeer;5126;5;0;0,00%;8022;5131;63,96%;1391;964;330;791;428;559;342;0;61;0;124;51;0;78;0;0;0;0;0;0;0;0;0;0;7;0;0;0;0;0;0
Langedijk;11828;15;11;0,09%;20215;11854;58,64%;3043;1686;1875;1416;979;956;728;0;241;0;255;382;0;247;0;0;0;0;0;0;0;0;0;0;20;0;0;0;0;0;0
Lansingerland;22094;26;20;0,09%;38726;22140;57,17%;6375;2145;3686;3232;1310;1743;901;1381;507;303;402;0;0;0;0;0;0;100;9;0;0;0;0;0;0;0;0;0;0;0;0
Laren;5813;17;4;0,07%;8462;5834;68,94%;2744;545;608;530;311;527;234;0;120;0;106;34;0;45;0;0;0;0;0;0;0;0;0;0;9;0;0;0;0;0;0
Leek;8926;13;11;0,12%;14764;8950;60,62%;1469;2110;1444;671;846;493;484;973;121;0;110;0;0;0;0;205;0;0;0;0;0;0;0;0;0;0;0;0;0;0;0
Leerdam;8742;14;7;0,08%;15358;8763;57,06%;1585;1215;1275;1250;552;774;209;602;167;897;123;0;0;0;0;0;0;80;13;0;0;0;0;0;0;0;0;0;0;0;0
Leeuwarden;40657;61;67;0,16%;73729;40785;55,32%;5337;12254;3840;3337;4733;2846;3318;1890;685;0;0;0;1906;0;0;150;0;0;0;263;0;0;0;0;0;0;0;0;0;0;98
Leeuwarderadeel;5353;12;6;0,11%;7973;5371;67,36%;662;1405;832;334;394;222;207;266;61;0;0;0;748;0;0;14;0;0;0;203;0;0;0;0;0;0;0;0;0;0;5
Leiden;54219;126;91;0,17%;88637;54436;61,41%;8645;10177;3200;5087;6866;10240;6151;1116;682;213;1597;0;0;0;0;0;0;186;59;0;0;0;0;0;0;0;0;0;0;0;0
Leiderdorp;12595;19;7;0,06%;20095;12621;62,81%;3214;1974;1404;1406;1213;1466;924;273;272;142;251;0;0;0;0;0;0;41;15;0;0;0;0;0;0;0;0;0;0;0;0
Leidschendam-Voorburg;32542;63;51;0,16%;54949;32656;59,43%;8843;4688;4038;4197;2649;3564;1909;555;1028;145;820;0;0;0;0;0;0;79;27;0;0;0;0;0;0;0;0;0;0;0;0
Lelystad;28365;59;35;0,12%;54854;28459;51,88%;6407;5354;2172;4546;2999;1845;1706;1261;1011;210;826;0;0;0;0;0;0;0;0;0;0;0;0;0;0;0;0;0;28;0;0
Lemsterland;6055;7;4;0,07%;10205;6066;59,44%;1219;1203;1039;693;509;286;197;258;93;0;0;0;326;0;0;19;0;0;0;211;0;0;0;0;0;0;0;0;0;0;2
Leudal;15678;24;23;0,15%;28333;15725;55,50%;3345;1217;3796;3027;1514;686;770;99;572;0;216;0;0;0;0;0;436;0;0;0;0;0;0;0;0;0;0;0;0;0;0
Leusden;14710;19;21;0,14%;21782;14750;67,72%;4039;1899;2107;1305;1126;1379;949;867;325;293;291;0;0;0;0;0;0;0;0;0;0;0;0;110;0;20;0;0;0;0;0
Liesveld;4816;6;9;0,19%;7149;4831;67,58%;830;536;1029;472;207;124;73;674;86;708;56;0;0;0;0;0;0;16;5;0;0;0;0;0;0;0;0;0;0;0;0
Lingewaal;5104;7;1;0,02%;8284;5112;61,71%;1051;708;963;777;310;230;157;458;83;276;82;0;0;0;0;0;0;0;0;0;6;0;0;0;0;0;0;3;0;0;0
Lingewaard;18396;26;28;0,15%;34965;18450;52,77%;4060;2899;3407;2175;2053;1688;1123;149;461;25;282;0;0;0;0;0;0;0;0;0;40;0;0;0;0;0;0;10;0;24;0
Lisse;10463;15;5;0,05%;17043;10483;61,51%;2826;986;1873;1384;817;844;377;263;207;623;189;0;0;0;0;0;0;69;5;0;0;0;0;0;0;0;0;0;0;0;0
Littenseradiel;5595;6;8;0,14%;8199;5609;68,41%;731;1127;1239;280;357;169;325;161;43;0;0;0;1113;0;0;18;0;0;0;27;0;0;0;0;0;0;0;0;0;0;5
Lochem;17503;25;12;0,07%;26106;17540;67,19%;4913;3428;2783;1195;1235;1717;1146;266;304;29;330;0;0;0;0;0;0;0;0;0;80;0;0;0;0;0;0;60;0;17;0
Loon op Zand;9116;14;10;0,11%;17896;9140;51,07%;1985;1113;1880;1508;1012;523;442;0;310;0;194;117;0;0;0;0;0;0;0;0;0;0;32;0;0;0;0;0;0;0;0
Lopik;6426;12;10;0,16%;10387;6448;62,08%;1172;458;1831;1024;303;210;126;529;111;543;93;0;0;0;0;0;0;0;0;0;0;0;0;12;0;14;0;0;0;0;0
Loppersum;5223;3;6;0,11%;8090;5232;64,67%;580;1104;1060;312;593;227;420;569;76;0;107;0;0;0;0;175;0;0;0;0;0;0;0;0;0;0;0;0;0;0;0
Losser;8869;13;5;0,06%;17623;8887;50,43%;1461;1423;2546;1079;818;595;338;98;389;12;106;0;0;0;0;0;0;0;0;0;0;0;0;0;0;0;4;0;0;0;0
Maasdonk;4190;5;6;0,14%;8542;4201;49,18%;759;351;1267;635;614;214;134;0;137;0;47;20;0;0;0;0;0;0;0;0;0;0;12;0;0;0;0;0;0;0;0
Maasdriel;10252;19;6;0,06%;18094;10277;56,80%;1892;963;3278;1824;731;409;459;92;203;206;163;0;0;0;0;0;0;0;0;0;29;0;0;0;0;0;0;3;0;0;0
Maasgouw;10342;23;15;0,15%;19516;10380;53,19%;1970;914;2720;2250;924;372;420;61;429;0;185;0;0;0;0;0;97;0;0;0;0;0;0;0;0;0;0;0;0;0;0
Maassluis;13281;31;21;0,16%;24363;13333;54,73%;2851;2378;1860;2184;1249;891;422;495;425;121;290;0;0;0;0;0;0;67;48;0;0;0;0;0;0;0;0;0;0;0;0
Maastricht;45865;89;69;0,15%;91974;46023;50,04%;6254;8634;6125;7596;4917;4550;3830;374;2254;0;1006;0;0;0;0;0;325;0;0;0;0;0;0;0;0;0;0;0;0;0;0
Marum;4565;4;2;0,04%;7940;4571;57,57%;828;971;859;485;405;207;190;404;61;0;77;0;0;0;0;78;0;0;0;0;0;0;0;0;0;0;0;0;0;0;0
Medemblik;17922;22;15;0,08%;32261;17959;55,67%;4416;2275;3364;2495;1463;1125;714;0;614;0;372;589;0;471;0;0;0;0;0;0;0;0;0;0;24;0;0;0;0;0;0
Meerssen;8640;22;9;0,10%;15468;8671;56,06%;1510;1082;1705;1629;908;502;478;42;454;0;143;0;0;0;0;0;187;0;0;0;0;0;0;0;0;0;0;0;0;0;0
Menameradiel;6748;6;8;0,12%;10521;6762;64,27%;873;1748;1188;489;489;243;366;247;90;0;0;0;839;0;0;10;0;0;0;159;0;0;0;0;0;0;0;0;0;0;7
Menterwolde;5390;6;4;0,07%;9731;5400;55,49%;707;1502;461;575;917;254;396;219;103;0;97;0;0;0;0;159;0;0;0;0;0;0;0;0;0;0;0;0;0;0;0
Meppel;14949;30;20;0,13%;24875;14999;60,30%;3015;3556;2019;1436;1482;1137;845;1001;273;55;0;0;0;0;0;0;0;0;0;0;0;115;0;0;0;0;15;0;0;0;0
Middelburg;22116;22;19;0,09%;36260;22157;61,11%;3216;4342;2615;1823;2209;1362;1445;1475;387;2153;527;0;0;0;562;0;0;0;0;0;0;0;0;0;0;0;0;0;0;0;0
Middelharnis;8276;16;9;0,11%;13958;8301;59,47%;1386;991;1023;1026;610;277;204;713;182;1675;135;0;0;0;0;0;0;50;4;0;0;0;0;0;0;0;0;0;0;0;0
Midden-Delfland;8413;12;4;0,05%;13508;8429;62,40%;2231;759;2157;966;557;642;430;324;148;48;120;0;0;0;0;0;0;30;1;0;0;0;0;0;0;0;0;0;0;0;0
Midden-Drenthe;16530;22;18;0,11%;26100;16570;63,49%;3214;4146;2941;1497;1393;868;911;822;224;76;0;0;0;0;0;0;0;0;0;0;0;423;0;0;0;0;15;0;0;0;0
Mill en Sint Hubert;4686;5;2;0,04%;8507;4693;55,17%;753;426;1458;660;870;185;151;0;75;0;79;17;0;0;0;0;0;0;0;0;0;0;12;0;0;0;0;0;0;0;0
Millingen aan de Rijn;2374;5;1;0,04%;4555;2380;52,25%;411;614;301;279;393;136;110;14;64;1;46;0;0;0;0;0;0;0;0;0;3;0;0;0;0;0;0;2;0;0;0
Moerdijk;14625;19;14;0,10%;28231;14658;51,92%;3235;1784;2604;2249;1958;718;628;0;513;0;319;578;0;0;0;0;0;0;0;0;0;0;39;0;0;0;0;0;0;0;0
Montferland;13910;20;6;0,04%;27328;13936;51,00%;2725;2296;3446;1912;1460;765;474;112;403;16;237;0;0;0;0;0;0;0;0;0;42;0;0;0;0;0;0;7;0;15;0
Montfoort;6597;9;1;0,02%;9931;6607;66,53%;1611;548;1155;824;337;385;524;390;145;381;74;0;0;0;0;0;0;0;0;0;0;0;0;209;0;14;0;0;0;0;0
Mook en Middelaar;3907;5;5;0,13%;6138;3917;63,82%;947;584;540;323;462;376;347;14;86;0;69;0;0;0;0;0;159;0;0;0;0;0;0;0;0;0;0;0;0;0;0
Muiden;3275;10;0;0,00%;4883;3285;67,27%;877;549;400;339;181;529;192;0;73;0;64;24;0;46;0;0;0;0;0;0;0;0;0;0;1;0;0;0;0;0;0
Naarden;8548;12;4;0,05%;12432;8564;68,89%;3329;1012;886;663;397;1130;594;0;146;0;180;135;0;66;0;0;0;0;0;0;0;0;0;0;10;0;0;0;0;0;0
Neder-Betuwe;10505;11;5;0,05%;16255;10521;64,72%;1464;1502;1240;1246;412;295;176;503;119;3436;95;0;0;0;0;0;0;0;0;0;4;0;0;0;0;0;0;13;0;0;0
Nederlek;6800;5;4;0,06%;10958;6809;62,14%;1542;1125;765;989;621;336;212;256;188;525;181;0;0;0;0;0;0;58;2;0;0;0;0;0;0;0;0;0;0;0;0
Nederweert;7304;7;12;0,16%;13078;7323;55,99%;1353;669;2361;1407;750;223;198;26;178;0;85;0;0;0;0;0;54;0;0;0;0;0;0;0;0;0;0;0;0;0;0
Neerijnen;5544;7;3;0,05%;8810;5554;63,04%;1208;796;858;832;322;227;140;177;99;782;91;0;0;0;0;0;0;0;0;0;4;0;0;0;0;0;0;8;0;0;0
Niedorp;5235;5;3;0,06%;9172;5243;57,16%;1379;901;701;695;515;385;244;0;97;0;152;31;0;129;0;0;0;0;0;0;0;0;0;0;6;0;0;0;0;0;0
Nieuwegein;25100;41;25;0,10%;47123;25166;53,40%;5109;4220;2420;4028;3222;1943;1438;727;1127;135;532;0;0;0;0;0;0;0;0;0;0;0;0;138;0;61;0;0;0;0;0
Nieuwkoop;12025;17;8;0,07%;20646;12050;58,36%;3329;983;2890;1790;802;766;419;337;276;239;154;0;0;0;0;0;0;35;5;0;0;0;0;0;0;0;0;0;0;0;0
Nieuw-Lekkerland;4439;1;2;0,05%;6735;4442;65,95%;408;491;481;476;245;109;73;661;75;1362;54;0;0;0;0;0;0;3;1;0;0;0;0;0;0;0;0;0;0;0;0
Nijkerk;18382;21;2;0,01%;29665;18405;62,04%;3791;1771;4226;2243;929;861;588;1867;317;1524;197;0;0;0;0;0;0;0;0;0;41;0;0;0;0;0;0;16;0;11;0
Nijmegen;72663;140;94;0,13%;127794;72897;57,04%;8839;14820;5775;5321;12573;10723;10340;895;1468;69;1499;0;0;0;0;0;0;0;0;0;219;0;0;0;0;0;0;122;0;0;0
Noord-Beveland;3729;8;1;0,03%;5951;3738;62,81%;836;576;651;452;343;175;120;105;58;207;83;0;0;0;123;0;0;0;0;0;0;0;0;0;0;0;0;0;0;0;0
Noordenveld;15597;19;10;0,06%;24222;15626;64,51%;3288;4193;1648;1468;1463;1152;1099;700;329;49;0;0;0;0;0;0;0;0;0;0;0;191;0;0;0;0;17;0;0;0;0
Noordoostpolder;19866;35;13;0,07%;33402;19914;59,62%;4269;2450;4728;1822;1519;943;766;1922;369;810;265;0;0;0;0;0;0;0;0;0;0;0;0;0;0;0;0;0;3;0;0
Noordwijk;11502;14;18;0,16%;19449;11534;59,30%;3575;1339;1720;1742;979;821;556;213;230;46;226;0;0;0;0;0;0;49;6;0;0;0;0;0;0;0;0;0;0;0;0
Noordwijkerhout;7221;13;12;0,17%;11808;7246;61,37%;2163;700;1385;1130;556;479;375;66;190;10;143;0;0;0;0;0;0;22;2;0;0;0;0;0;0;0;0;0;0;0;0
Nuenen;10501;16;5;0,05%;17255;10522;60,98%;2693;1198;1821;1060;1283;1131;703;0;334;0;161;105;0;0;0;0;0;0;0;0;0;0;12;0;0;0;0;0;0;0;0
Nunspeet;13605;20;5;0,04%;19953;13630;68,31%;2003;792;2444;1262;510;366;221;1969;140;3697;161;0;0;0;0;0;0;0;0;0;19;0;0;0;0;0;0;13;0;8;0
Nuth;7367;5;13;0,18%;12598;7385;58,62%;1080;982;1590;1502;676;281;469;42;372;0;137;0;0;0;0;0;236;0;0;0;0;0;0;0;0;0;0;0;0;0;0
Oegstgeest;11632;12;16;0,14%;16436;11660;70,94%;3484;1627;1184;882;858;1799;963;320;171;50;262;0;0;0;0;0;0;26;6;0;0;0;0;0;0;0;0;0;0;0;0
Oirschot;7584;12;16;0,21%;13771;7612;55,28%;1505;839;2068;981;974;442;302;0;300;0;127;32;0;0;0;0;0;0;0;0;0;0;14;0;0;0;0;0;0;0;0
Oisterwijk;11078;17;7;0,06%;19778;11102;56,13%;2829;1249;2292;1266;1236;903;635;0;353;0;216;87;0;0;0;0;0;0;0;0;0;0;12;0;0;0;0;0;0;0;0
Oldambt;17085;31;26;0,15%;31404;17142;54,59%;2142;5239;1736;1734;2729;655;689;797;252;0;357;0;0;0;0;755;0;0;0;0;0;0;0;0;0;0;0;0;0;0;0
Oldebroek;10067;14;5;0,05%;17179;10086;58,71%;975;1003;2239;856;395;241;179;2296;137;1645;80;0;0;0;0;0;0;0;0;0;3;0;0;0;0;0;0;7;0;11;0
Oldenzaal;13524;27;15;0,11%;24587;13566;55,18%;2624;2334;2881;1317;1479;1300;807;109;465;19;154;0;0;0;0;0;0;0;0;0;0;0;0;0;0;0;35;0;0;0;0
Olst-Wijhe;7993;12;2;0,03%;13331;8007;60,06%;1458;1827;1810;623;734;535;490;158;169;42;140;0;0;0;0;0;0;0;0;0;0;0;0;0;0;0;7;0;0;0;0
Ommen;8849;7;7;0,08%;13489;8863;65,71%;1527;929;2721;699;502;508;274;1255;174;132;115;0;0;0;0;0;0;0;0;0;0;0;0;0;0;0;13;0;0;0;0
Onderbanken;3309;6;5;0,15%;6335;3320;52,41%;498;592;540;830;393;87;105;36;140;0;57;0;0;0;0;0;31;0;0;0;0;0;0;0;0;0;0;0;0;0;0
Oost Gelre;12808;10;13;0,10%;22948;12831;55,91%;2713;1844;4001;1224;1238;822;401;91;270;19;112;0;0;0;0;0;0;0;0;0;48;0;0;0;0;0;0;6;0;19;0
Oosterhout;21105;36;16;0,08%;41288;21157;51,24%;5187;2973;2917;3418;2402;1746;1169;0;712;0;376;153;0;0;0;0;0;0;0;0;0;0;52;0;0;0;0;0;0;0;0
Oostflakkee;4650;9;2;0,04%;8175;4661;57,02%;790;742;577;767;382;130;114;381;125;463;100;0;0;0;0;0;0;79;0;0;0;0;0;0;0;0;0;0;0;0;0
Ooststellingwerf;12123;23;17;0,14%;20371;12163;59,71%;1934;3035;1970;1216;1238;517;768;639;189;0;0;0;272;0;0;96;0;0;0;241;0;0;0;0;0;0;0;0;0;0;8
Oostzaan;4385;5;2;0,05%;6979;4392;62,93%;1113;797;289;841;382;324;305;0;59;0;93;79;0;98;0;0;0;0;0;0;0;0;0;0;5;0;0;0;0;0;0
Opmeer;4868;5;4;0,08%;8603;4877;56,69%;1145;612;1180;644;342;295;159;0;201;0;90;32;0;161;0;0;0;0;0;0;0;0;0;0;7;0;0;0;0;0;0
Opsterland;14069;12;20;0,14%;22855;14101;61,70%;1995;3611;2086;973;1367;671;802;1330;128;0;0;0;915;0;0;57;0;0;0;134;0;0;0;0;0;0;0;0;0;0;0
Oss;31818;59;27;0,08%;64218;31904;49,68%;6270;4215;5250;4034;6307;2541;1536;0;1020;0;449;152;0;0;0;0;0;0;0;0;0;0;44;0;0;0;0;0;0;0;0
Oud-Beijerland;10082;11;8;0,08%;17855;10101;56,57%;2104;1228;1195;1284;886;645;543;570;254;1083;200;0;0;0;0;0;0;85;5;0;0;0;0;0;0;0;0;0;0;0;0
Oude IJsselstreek;16963;27;24;0,14%;30648;17014;55,51%;3266;3128;3901;1913;2032;1076;598;257;422;28;269;0;0;0;0;0;0;0;0;0;44;0;0;0;0;0;0;8;0;21;0
Ouder-Amstel;6575;11;7;0,11%;9856;6593;66,89%;1863;1015;743;684;421;850;520;0;106;0;142;134;0;88;0;0;0;0;0;0;0;0;0;0;9;0;0;0;0;0;0
Ouderkerk;4009;6;3;0,07%;6136;4018;65,48%;721;529;531;518;212;163;105;368;59;719;63;0;0;0;0;0;0;21;0;0;0;0;0;0;0;0;0;0;0;0;0
Oudewater;4544;9;6;0,13%;7419;4559;61,45%;1117;371;1150;647;217;223;150;244;103;182;67;0;0;0;0;0;0;0;0;0;0;0;0;15;0;58;0;0;0;0;0
Overbetuwe;19108;29;9;0,05%;34310;19146;55,80%;4135;2789;3413;2049;2013;1781;1023;691;387;472;278;0;0;0;0;0;0;0;0;0;40;0;0;0;0;0;0;19;0;18;0
Papendrecht;13178;13;15;0,11%;24384;13206;54,16%;2792;1833;1705;1943;1232;822;430;939;438;734;263;0;0;0;0;0;0;43;4;0;0;0;0;0;0;0;0;0;0;0;0
Peel en Maas;17409;22;22;0,13%;33284;17453;52,44%;3202;1562;4796;3831;1492;580;798;72;547;0;188;0;0;0;0;0;341;0;0;0;0;0;0;0;0;0;0;0;0;0;0
Pekela;5074;16;6;0,12%;10021;5096;50,85%;433;1577;491;656;1012;123;205;216;90;0;91;0;0;0;0;180;0;0;0;0;0;0;0;0;0;0;0;0;0;0;0
Pijnacker-Nootdorp;19803;34;19;0,10%;34731;19856;57,17%;5344;2116;3111;2913;1406;1984;1227;539;384;223;458;0;0;0;0;0;0;80;18;0;0;0;0;0;0;0;0;0;0;0;0
Purmerend;32063;72;30;0,09%;60654;32165;53,03%;7246;6211;1911;6269;3639;2479;1585;0;571;0;799;325;0;990;0;0;0;0;0;0;0;0;0;0;38;0;0;0;0;0;0
Putten;11545;14;3;0,03%;17825;11562;64,86%;2165;711;2930;1309;391;361;254;1770;147;1324;141;0;0;0;0;0;0;0;0;0;24;0;0;0;0;0;0;5;0;13;0
Raalte;16726;20;12;0,07%;28255;16758;59,31%;2860;2316;6260;1163;1228;1226;697;338;439;24;163;0;0;0;0;0;0;0;0;0;0;0;0;0;0;0;12;0;0;0;0
Reimerswaal;10095;15;3;0,03%;15289;10113;66,15%;1188;941;1183;1175;554;173;122;630;182;3571;94;0;0;0;282;0;0;0;0;0;0;0;0;0;0;0;0;0;0;0;0
Renkum;16390;26;11;0,07%;24782;16427;66,29%;3831;2891;2127;1294;1427;2057;1403;401;319;130;404;0;0;0;0;0;0;0;0;0;63;0;0;0;0;0;0;23;0;20;0
Renswoude;2316;4;4;0,17%;3430;2324;67,76%;516;85;746;256;71;38;24;108;25;422;19;0;0;0;0;0;0;0;0;0;0;0;0;4;0;2;0;0;0;0;0
Reusel-De Mierden;4786;7;4;0,08%;9893;4797;48,49%;871;472;1326;637;788;210;174;0;186;0;91;21;0;0;0;0;0;0;0;0;0;0;10;0;0;0;0;0;0;0;0
Rheden;21369;29;16;0,07%;34821;21414;61,50%;4266;4308;2561;2114;2769;2103;1550;552;401;79;526;0;0;0;0;0;0;0;0;0;91;0;0;0;0;0;0;30;0;19;0
Rhenen;9247;11;4;0,04%;14216;9262;65,15%;1865;1032;1298;1211;511;559;419;397;135;1632;160;0;0;0;0;0;0;0;0;0;0;0;0;16;0;12;0;0;0;0;0
Ridderkerk;19190;31;12;0,06%;35816;19233;53,70%;3018;2672;2134;3173;1797;899;510;1156;897;2281;369;0;0;0;0;0;0;266;18;0;0;0;0;0;0;0;0;0;0;0;0
Rijnwaarden;4071;2;4;0,10%;8508;4077;47,92%;624;776;813;724;503;214;148;35;129;0;69;0;0;0;0;0;0;0;0;0;27;0;0;0;0;0;0;4;0;5;0
Rijnwoude;9214;11;21;0,23%;14182;9246;65,20%;2134;964;1813;1166;800;617;347;406;158;624;142;0;0;0;0;0;0;40;3;0;0;0;0;0;0;0;0;0;0;0;0
Rijssen-Holten;18543;29;7;0,04%;27288;18579;68,08%;2379;1964;3647;1357;575;556;267;2277;219;5157;128;0;0;0;0;0;0;0;0;0;0;0;0;0;0;0;17;0;0;0;0
Rijswijk;20349;44;27;0,13%;36692;20420;55,65%;4432;3166;2106;3766;1851;1882;1133;358;811;102;608;0;0;0;0;0;0;104;30;0;0;0;0;0;0;0;0;0;0;0;0
Roerdalen;9014;10;8;0,09%;16707;9032;54,06%;1537;1054;1867;2230;800;319;413;47;376;0;167;0;0;0;0;0;204;0;0;0;0;0;0;0;0;0;0;0;0;0;0
Roermond;20836;35;35;0,17%;42418;20906;49,29%;5308;2791;2569;3976;1999;1256;1428;133;744;0;415;0;0;0;0;0;217;0;0;0;0;0;0;0;0;0;0;0;0;0;0
Roosendaal;28965;64;26;0,09%;58755;29055;49,45%;6045;4380;4293;5646;3417;2025;1293;0;1003;0;565;228;0;0;0;0;0;0;0;0;0;0;70;0;0;0;0;0;0;0;0
Rotterdam;197189;791;271;0,14%;440770;198251;44,98%;30233;48124;12126;32334;22198;19116;13531;4909;5565;1866;5240;0;0;0;0;0;0;761;1186;0;0;0;0;0;0;0;0;0;0;0;0
Rozendaal;980;2;0;0,00%;1158;982;84,80%;447;97;104;61;45;115;61;14;11;3;18;0;0;0;0;0;0;0;0;0;2;0;0;0;0;0;0;1;0;1;0
Rucphen;7209;23;5;0,07%;18253;7237;39,65%;1311;889;1174;2324;551;310;185;0;267;0;163;28;0;0;0;0;0;0;0;0;0;0;7;0;0;0;0;0;0;0;0
Schagen;8356;11;2;0,02%;14621;8369;57,24%;2056;1674;903;893;1001;673;414;0;194;0;180;86;0;263;0;0;0;0;0;0;0;0;0;0;19;0;0;0;0;0;0
Schermer;2619;3;2;0,08%;4037;2624;65,00%;766;399;440;311;188;207;94;0;71;0;61;22;0;53;0;0;0;0;0;0;0;0;0;0;7;0;0;0;0;0;0
Scherpenzeel;4752;6;0;0,00%;6887;4758;69,09%;1029;341;982;517;136;165;93;380;60;1010;32;0;0;0;0;0;0;0;0;0;4;0;0;0;0;0;0;1;0;2;0
Schiedam;25654;73;46;0,18%;55522;25773;46,42%;4026;5414;2106;4932;3339;2114;1350;485;860;153;693;0;0;0;0;0;0;64;118;0;0;0;0;0;0;0;0;0;0;0;0
Schiermonnikoog;528;1;0;0,00%;751;529;70,44%;107;113;91;43;51;37;46;15;3;0;0;0;9;0;0;1;0;0;0;11;0;0;0;0;0;0;0;0;0;0;1
Schijndel;8402;17;6;0,07%;17867;8425;47,15%;1594;1112;1631;1135;1484;548;395;0;303;0;144;31;0;0;0;0;0;0;0;0;0;0;25;0;0;0;0;0;0;0;0
Schinnen;6193;13;8;0,13%;10440;6214;59,52%;991;822;1331;1158;787;291;327;63;250;0;96;0;0;0;0;0;77;0;0;0;0;0;0;0;0;0;0;0;0;0;0
Schoonhoven;5472;12;10;0,18%;9067;5494;60,59%;1247;867;803;679;437;402;239;344;119;173;146;0;0;0;0;0;0;15;1;0;0;0;0;0;0;0;0;0;0;0;0
Schouwen-Duiveland;17092;31;13;0,08%;26964;17136;63,55%;4023;2282;2430;2026;1235;707;552;701;313;1914;368;0;0;0;541;0;0;0;0;0;0;0;0;0;0;0;0;0;0;0;0
's-Gravenhage;170259;642;248;0,15%;339695;171149;50,38%;34133;37661;10957;24660;15702;20490;12009;2982;3747;935;5167;0;0;0;0;0;0;342;1474;0;0;0;0;0;0;0;0;0;0;0;0
's-Hertogenbosch;56742;138;63;0,11%;108126;56943;52,66%;11678;8626;5875;7247;8645;5949;5422;0;1561;0;1122;446;0;0;0;0;0;0;0;0;0;0;171;0;0;0;0;0;0;0;0
Simpelveld;4537;8;10;0,22%;8484;4555;53,69%;441;791;1118;1055;458;157;138;25;213;0;75;0;0;0;0;0;66;0;0;0;0;0;0;0;0;0;0;0;0;0;0
Sint Anthonis;5605;12;11;0,20%;9004;5628;62,51%;979;366;1978;489;1180;213;201;0;94;0;73;19;0;0;0;0;0;0;0;0;0;0;13;0;0;0;0;0;0;0;0
Sint-Michielsgestel;11640;6;24;0,21%;21526;11670;54,21%;2619;1429;2201;1316;1619;1127;627;0;432;0;177;70;0;0;0;0;0;0;0;0;0;0;23;0;0;0;0;0;0;0;0
Sint-Oedenrode;7602;12;12;0,16%;13646;7626;55,88%;1562;825;2108;850;1163;436;313;0;223;0;75;39;0;0;0;0;0;0;0;0;0;0;8;0;0;0;0;0;0;0;0
Sittard-Geleen;38411;53;53;0,14%;74648;38517;51,60%;4961;5319;7695;8077;4739;1903;2419;301;1371;0;739;0;0;0;0;0;887;0;0;0;0;0;0;0;0;0;0;0;0;0;0
Skarsterlân;13146;13;10;0,08%;20915;13169;62,96%;1999;2668;2495;986;597;477;509;455;183;0;0;0;2640;0;0;43;0;0;0;84;0;0;0;0;0;0;0;0;0;0;10
Sliedrecht;10261;18;9;0,09%;18323;10288;56,15%;1370;1317;1251;1259;907;362;232;1060;273;2040;168;0;0;0;0;0;0;17;5;0;0;0;0;0;0;0;0;0;0;0;0
Slochteren;7216;12;11;0,15%;11939;7239;60,63%;1146;1585;919;693;862;359;351;850;120;0;139;0;0;0;0;192;0;0;0;0;0;0;0;0;0;0;0;0;0;0;0
Sluis;10178;20;7;0,07%;18110;10205;56,35%;1836;1503;1550;1275;755;370;279;136;156;97;119;0;0;0;2102;0;0;0;0;0;0;0;0;0;0;0;0;0;0;0;0
Smallingerland;25553;33;34;0,13%;42305;25620;60,56%;2978;6320;4110;2091;2411;1068;1156;3090;298;0;0;0;1672;0;0;107;0;0;0;240;0;0;0;0;0;0;0;0;0;0;12
Soest;21787;61;23;0,11%;34431;21871;63,52%;6403;2717;2826;2836;1507;1951;1280;744;594;329;466;0;0;0;0;0;0;0;0;0;0;0;0;52;0;82;0;0;0;0;0
Someren;7447;13;9;0,12%;14182;7469;52,67%;1899;722;1987;1091;824;324;229;0;214;0;103;38;0;0;0;0;0;0;0;0;0;0;16;0;0;0;0;0;0;0;0
Son en Breugel;6918;5;4;0,06%;11712;6927;59,14%;1986;665;1293;650;715;589;436;0;384;0;113;73;0;0;0;0;0;0;0;0;0;0;14;0;0;0;0;0;0;0;0
Spijkenisse;24263;46;24;0,10%;56188;24333;43,31%;4407;4454;1634;5495;3431;1264;861;661;1085;187;674;0;0;0;0;0;0;93;17;0;0;0;0;0;0;0;0;0;0;0;0
Stadskanaal;13670;15;8;0,06%;25917;13693;52,83%;1338;3471;2813;1351;1536;404;318;1636;271;0;187;0;0;0;0;345;0;0;0;0;0;0;0;0;0;0;0;0;0;0;0
Staphorst;8265;9;6;0,07%;11285;8280;73,37%;806;455;1490;645;149;163;99;1548;61;2798;47;0;0;0;0;0;0;0;0;0;0;0;0;0;0;0;4;0;0;0;0
Stede Broec;8823;19;9;0,10%;16176;8851;54,72%;1963;1269;1396;1430;1000;559;336;0;316;0;194;138;0;212;0;0;0;0;0;0;0;0;0;0;10;0;0;0;0;0;0
Steenbergen;8587;16;6;0,07%;18266;8609;47,13%;1888;1137;1447;1715;876;490;251;0;317;0;199;251;0;0;0;0;0;0;0;0;0;0;16;0;0;0;0;0;0;0;0
Steenwijkerland;20478;29;18;0,09%;33485;20525;61,30%;4112;3954;4189;2031;1649;1133;943;1504;428;216;306;0;0;0;0;0;0;0;0;0;0;0;0;0;0;0;13;0;0;0;0
Stein;10793;25;16;0,15%;20733;10834;52,25%;1342;1275;2053;2900;1381;453;462;49;519;0;185;0;0;0;0;0;174;0;0;0;0;0;0;0;0;0;0;0;0;0;0
Stichtse Vecht;28517;35;22;0,08%;47832;28574;59,74%;7755;3752;3732;3675;2006;2670;1617;894;930;726;565;0;0;0;0;0;0;0;0;0;0;0;0;133;0;62;0;0;0;0;0
Strijen;3908;4;1;0,03%;6960;3913;56,22%;896;511;603;602;322;150;174;248;114;163;105;0;0;0;0;0;0;19;1;0;0;0;0;0;0;0;0;0;0;0;0
Súdwest Fryslân;37720;54;35;0,09%;62905;37809;60,10%;5629;8288;8034;3085;2602;1582;1722;1592;572;0;0;0;4205;0;0;71;0;0;0;277;0;0;0;0;0;0;0;0;0;0;61
Ten Boer;3687;8;0;0,00%;5545;3695;66,64%;415;815;600;219;370;188;236;602;45;0;60;0;0;0;0;137;0;0;0;0;0;0;0;0;0;0;0;0;0;0;0
Terneuzen;21603;35;11;0,05%;41103;21649;52,67%;3181;4083;2936;3223;1682;725;547;1214;444;1137;282;0;0;0;2149;0;0;0;0;0;0;0;0;0;0;0;0;0;0;0;0
Terschelling;2328;1;4;0,17%;3812;2333;61,20%;625;431;377;258;140;106;257;39;34;0;0;0;41;0;0;10;0;0;0;9;0;0;0;0;0;0;0;0;0;0;1
Texel;6936;3;7;0,10%;10525;6946;66,00%;1550;1299;1245;778;677;446;442;0;105;0;127;154;0;107;0;0;0;0;0;0;0;0;0;0;6;0;0;0;0;0;0
Teylingen;16552;25;30;0,18%;26411;16607;62,88%;5180;1833;2887;1939;1219;1673;826;310;307;40;277;0;0;0;0;0;0;57;4;0;0;0;0;0;0;0;0;0;0;0;0
Tholen;11443;16;2;0,02%;18883;11461;60,69%;1568;1284;1267;1516;833;226;139;767;145;3193;217;0;0;0;288;0;0;0;0;0;0;0;0;0;0;0;0;0;0;0;0
Tiel;15243;35;28;0,18%;30240;15306;50,62%;3528;3157;1440;2442;1259;1030;1108;327;436;135;332;0;0;0;0;0;0;0;0;0;40;0;0;0;0;0;0;9;0;0;0
Tilburg;72730;162;113;0,16%;156958;73005;46,51%;13066;12407;8177;9402;10702;8266;5995;0;2539;0;1533;505;0;0;0;0;0;0;0;0;0;0;138;0;0;0;0;0;0;0;0
Tubbergen;9007;10;8;0,09%;15709;9025;57,45%;1464;650;4938;835;346;294;160;61;164;14;79;0;0;0;0;0;0;0;0;0;0;0;0;0;0;0;2;0;0;0;0
Twenterand;13863;21;10;0,07%;25405;13894;54,69%;1375;2014;4427;1267;733;455;290;2154;300;691;153;0;0;0;0;0;0;0;0;0;0;0;0;0;0;0;4;0;0;0;0
Tynaarlo;16821;22;14;0,08%;25134;16857;67,07%;3950;4274;1635;1291;1418;1600;1391;742;298;31;0;0;0;0;0;0;0;0;0;0;0;166;0;0;0;0;25;0;0;0;0
Tytsjerksteradiel;15599;17;16;0,10%;24550;15632;63,67%;1815;3210;3372;1255;1035;503;937;1066;162;0;0;0;2071;0;0;38;0;0;0;126;0;0;0;0;0;0;0;0;0;0;9
Ubbergen;4627;6;4;0,09%;7352;4637;63,07%;787;823;814;334;612;446;522;38;105;2;119;0;0;0;0;0;0;0;0;0;22;0;0;0;0;0;0;3;0;0;0
Uden;16563;26;18;0,11%;30982;16607;53,60%;3667;1797;3250;2273;2885;1193;702;0;421;0;267;78;0;0;0;0;0;0;0;0;0;0;30;0;0;0;0;0;0;0;0
Uitgeest;5772;10;4;0,07%;9537;5786;60,67%;1456;948;706;702;561;630;377;0;94;0;126;40;0;118;0;0;0;0;0;0;0;0;0;0;14;0;0;0;0;0;0
Uithoorn;12529;7;13;0,10%;20742;12549;60,50%;3927;1787;1458;1805;945;1094;677;0;234;0;246;172;0;179;0;0;0;0;0;0;0;0;0;0;5;0;0;0;0;0;0
Urk;7154;11;7;0,10%;11797;7172;60,80%;159;31;1315;515;53;11;5;1740;17;3297;11;0;0;0;0;0;0;0;0;0;0;0;0;0;0;0;0;0;0;0;0
Utrecht;136868;323;218;0,16%;231344;137409;59,40%;22492;26961;8468;10531;12379;23674;23210;2930;1841;483;3223;0;0;0;0;0;0;0;0;0;0;0;0;392;0;284;0;0;0;0;0
Utrechtse Heuvelrug;25431;59;19;0,07%;37274;25509;68,44%;6909;3084;3414;2343;1825;2429;2077;834;490;1278;619;0;0;0;0;0;0;0;0;0;0;0;0;93;0;36;0;0;0;0;0
Vaals;2892;8;4;0,14%;6234;2904;46,58%;342;505;558;664;297;106;144;25;154;0;70;0;0;0;0;0;27;0;0;0;0;0;0;0;0;0;0;0;0;0;0
Valkenburg aan de Geul;7720;19;4;0,05%;13757;7743;56,28%;1264;818;1690;1638;678;537;357;50;420;0;147;0;0;0;0;0;121;0;0;0;0;0;0;0;0;0;0;0;0;0;0
Valkenswaard;12324;12;21;0,17%;24202;12357;51,06%;2361;1755;2407;2033;1659;770;550;0;500;0;168;94;0;0;0;0;0;0;0;0;0;0;27;0;0;0;0;0;0;0;0
Veendam;11802;13;6;0,05%;22020;11821;53,68%;1672;3745;1070;1183;1634;574;603;504;211;0;206;0;0;0;0;400;0;0;0;0;0;0;0;0;0;0;0;0;0;0;0
Veenendaal;28256;54;27;0,10%;45855;28337;61,80%;5092;2990;4443;3757;1637;1280;869;4019;402;3406;281;0;0;0;0;0;0;0;0;0;0;0;0;45;0;35;0;0;0;0;0
Veere;11891;9;1;0,01%;16882;11901;70,50%;2381;1528;2066;1025;632;430;421;603;192;1858;260;0;0;0;495;0;0;0;0;0;0;0;0;0;0;0;0;0;0;0;0
Veghel;14670;28;20;0,14%;27886;14718;52,78%;3091;1605;3635;1959;2162;886;589;0;441;0;213;57;0;0;0;0;0;0;0;0;0;0;32;0;0;0;0;0;0;0;0
Veldhoven;17327;27;22;0,13%;33683;17376;51,59%;3736;2073;2898;2419;2627;1449;898;0;709;0;273;209;0;0;0;0;0;0;0;0;0;0;36;0;0;0;0;0;0;0;0
Velsen;27971;30;24;0,09%;51092;28025;54,85%;5995;5369;2677;4178;2834;2646;1575;0;632;0;697;710;0;615;0;0;0;0;0;0;0;0;0;0;43;0;0;0;0;0;0
Venlo;38383;79;65;0,17%;75039;38527;51,34%;8004;5046;5460;9194;3624;1917;2504;250;1122;0;484;0;0;0;0;0;778;0;0;0;0;0;0;0;0;0;0;0;0;0;0
Venray;16903;30;25;0,15%;32233;16958;52,61%;2854;2044;4353;2559;2250;967;855;92;684;0;188;0;0;0;0;0;57;0;0;0;0;0;0;0;0;0;0;0;0;0;0
Vianen;8515;17;7;0,08%;14990;8539;56,96%;1829;1293;1212;1290;822;577;362;274;251;352;205;0;0;0;0;0;0;0;0;0;0;0;0;36;0;12;0;0;0;0;0
Vlaardingen;26871;67;30;0,11%;54226;26968;49,73%;4338;4701;2539;4902;3673;2023;1574;854;911;603;599;0;0;0;0;0;0;106;48;0;0;0;0;0;0;0;0;0;0;0;0
Vlagtwedde;7011;17;5;0,07%;12865;7033;54,67%;907;1790;1293;916;807;223;263;251;176;0;172;0;0;0;0;213;0;0;0;0;0;0;0;0;0;0;0;0;0;0;0
Vlieland;506;0;0;0,00%;863;506;58,63%;206;118;21;35;37;28;25;6;15;0;0;0;10;0;0;2;0;0;0;3;0;0;0;0;0;0;0;0;0;0;0
Vlissingen;17345;34;18;0,10%;34237;17397;50,81%;2836;3434;1837;2504;2091;915;762;633;529;466;412;0;0;0;926;0;0;0;0;0;0;0;0;0;0;0;0;0;0;0;0
Vlist;4969;3;2;0,04%;7491;4974;66,40%;1191;513;930;574;285;254;154;252;82;609;92;0;0;0;0;0;0;33;0;0;0;0;0;0;0;0;0;0;0;0;0
Voerendaal;5827;5;9;0,15%;10160;5841;57,49%;849;801;1409;1019;602;374;250;32;326;0;97;0;0;0;0;0;68;0;0;0;0;0;0;0;0;0;0;0;0;0;0
Voorschoten;11889;15;16;0,13%;17516;11920;68,05%;3373;1405;1495;1121;948;1416;1159;200;236;46;263;0;0;0;0;0;0;219;8;0;0;0;0;0;0;0;0;0;0;0;0
Voorst;11336;18;6;0,05%;18733;11360;60,64%;2819;1977;2460;1001;816;821;514;192;260;238;181;0;0;0;0;0;0;0;0;0;37;0;0;0;0;0;0;8;0;12;0
Vught;11092;17;10;0,09%;19359;11119;57,44%;2959;1477;1427;1017;1438;1286;895;0;317;0;199;62;0;0;0;0;0;0;0;0;0;0;15;0;0;0;0;0;0;0;0
Waalre;7859;16;6;0,08%;12477;7881;63,16%;2253;838;1249;880;820;853;482;0;263;0;135;67;0;0;0;0;0;0;0;0;0;0;19;0;0;0;0;0;0;0;0
Waalwijk;17892;39;26;0,15%;35806;17957;50,15%;3862;2123;2933;2953;1953;1094;926;0;596;0;311;1057;0;0;0;0;0;0;0;0;0;0;84;0;0;0;0;0;0;0;0
Waddinxveen;13528;25;46;0,34%;19304;13599;70,45%;2979;1581;1977;1823;936;823;467;1237;291;1131;223;0;0;0;0;0;0;54;6;0;0;0;0;0;0;0;0;0;0;0;0
Wageningen;17255;24;21;0,12%;26212;17300;66,00%;2254;3361;1639;825;1567;3295;2756;767;179;201;312;0;0;0;0;0;0;0;0;0;54;0;0;0;0;0;0;30;0;15;0
Wassenaar;11885;27;13;0,11%;17733;11925;67,25%;5292;858;1658;1411;579;969;377;111;297;41;250;0;0;0;0;0;0;38;4;0;0;0;0;0;0;0;0;0;0;0;0
Waterland;9204;4;5;0,05%;13342;9213;69,05%;2123;1357;1497;1271;768;788;730;0;229;0;181;94;0;149;0;0;0;0;0;0;0;0;0;0;17;0;0;0;0;0;0
Weert;20086;37;30;0,15%;37611;20153;53,58%;4669;3023;3390;3838;2391;975;618;123;659;0;279;0;0;0;0;0;121;0;0;0;0;0;0;0;0;0;0;0;0;0;0
Weesp;7856;24;14;0,18%;13691;7894;57,66%;1738;1476;729;971;775;1001;555;0;116;0;169;105;0;213;0;0;0;0;0;0;0;0;0;0;8;0;0;0;0;0;0
Werkendam;11661;22;5;0,04%;20069;11688;58,24%;1774;1034;2931;1626;740;339;321;0;192;0;135;2547;0;0;0;0;0;0;0;0;0;0;22;0;0;0;0;0;0;0;0
West Maas en Waal;7894;11;5;0,06%;14276;7910;55,41%;1895;1002;1727;1144;987;417;295;42;233;7;122;0;0;0;0;0;0;0;0;0;16;0;0;0;0;0;0;7;0;0;0
Westerveld;10303;15;9;0,09%;15365;10327;67,21%;2628;2515;1332;949;940;664;670;218;203;28;0;0;0;0;0;0;0;0;0;0;0;150;0;0;0;0;6;0;0;0;0
Westervoort;6378;9;12;0,19%;11841;6399;54,04%;1101;1324;813;872;946;504;365;144;150;6;129;0;0;0;0;0;0;0;0;0;17;0;0;0;0;0;0;2;0;5;0
Westland;42742;58;71;0,17%;75325;42871;56,91%;11823;3330;10581;7234;2276;1870;1125;1447;1066;770;621;0;0;0;0;0;0;565;34;0;0;0;0;0;0;0;0;0;0;0;0
Weststellingwerf;11619;31;19;0,16%;20320;11669;57,43%;2318;2888;1800;1352;1148;455;672;335;253;0;0;0;249;0;0;55;0;0;0;88;0;0;0;0;0;0;0;0;0;0;6
Westvoorne;6525;5;3;0,05%;11013;6533;59,32%;2317;900;703;1094;516;376;163;104;140;33;149;0;0;0;0;0;0;28;2;0;0;0;0;0;0;0;0;0;0;0;0
Wierden;11449;9;8;0,07%;17985;11466;63,75%;2245;1038;3774;1118;525;613;269;1081;273;405;103;0;0;0;0;0;0;0;0;0;0;0;0;0;0;0;5;0;0;0;0
Wieringen;3747;6;3;0,08%;6766;3756;55,51%;914;563;284;664;419;158;96;0;28;0;75;46;0;499;0;0;0;0;0;0;0;0;0;0;1;0;0;0;0;0;0
Wieringermeer;5337;4;4;0,07%;9424;5345;56,72%;1274;673;990;747;441;280;157;0;73;0;95;237;0;368;0;0;0;0;0;0;0;0;0;0;2;0;0;0;0;0;0
Wijchen;16774;16;18;0,11%;30988;16808;54,24%;3377;2680;3066;2145;2209;1461;841;133;488;10;297;0;0;0;0;0;0;0;0;0;44;0;0;0;0;0;0;23;0;0;0
Wijdemeren;11608;19;8;0,07%;18004;11635;64,62%;3992;1300;1640;1354;819;1015;579;0;233;0;267;247;0;156;0;0;0;0;0;0;0;0;0;0;6;0;0;0;0;0;0
Wijk bij Duurstede;10597;19;16;0,15%;17629;10632;60,31%;2670;1214;1373;1327;1264;814;803;251;206;434;213;0;0;0;0;0;0;0;0;0;0;0;0;18;0;10;0;0;0;0;0
Winsum;7294;3;11;0,15%;10650;7308;68,62%;873;1895;1132;387;781;367;627;823;106;0;133;0;0;0;0;170;0;0;0;0;0;0;0;0;0;0;0;0;0;0;0
Winterswijk;12475;17;12;0,10%;22131;12504;56,50%;3194;2808;1784;998;1710;803;489;239;223;17;169;0;0;0;0;0;0;0;0;0;25;0;0;0;0;0;0;4;0;12;0
Woensdrecht;8044;8;5;0,06%;16379;8057;49,19%;1639;960;1840;1651;742;387;228;0;268;0;257;53;0;0;0;0;0;0;0;0;0;0;19;0;0;0;0;0;0;0;0
Woerden;23533;28;22;0,09%;36995;23583;63,75%;5493;2580;4557;2554;1655;1934;1393;1344;493;938;422;0;0;0;0;0;0;0;0;0;0;0;0;117;0;53;0;0;0;0;0
Wormerland;7415;14;8;0,11%;12126;7437;61,33%;1658;1312;703;893;1066;575;527;0;148;0;195;144;0;172;0;0;0;0;0;0;0;0;0;0;22;0;0;0;0;0;0
Woudenberg;6106;11;2;0,03%;8831;6119;69,29%;1214;488;1174;544;342;251;162;452;93;1284;76;0;0;0;0;0;0;0;0;0;0;0;0;18;0;8;0;0;0;0;0
Woudrichem;6629;8;4;0,06%;11063;6641;60,03%;1046;607;2113;652;488;206;205;0;93;0;87;1123;0;0;0;0;0;0;0;0;0;0;9;0;0;0;0;0;0;0;0
Zaanstad;59083;148;53;0,09%;109316;59284;54,23%;10412;13526;4129;8770;7095;5099;3982;0;1051;0;1679;1199;0;2019;0;0;0;0;0;0;0;0;0;0;122;0;0;0;0;0;0
Zaltbommel;12003;16;3;0,02%;19455;12022;61,79%;2113;1541;1824;1282;794;650;555;884;180;1963;167;0;0;0;0;0;0;0;0;0;43;0;0;0;0;0;0;7;0;0;0
Zandvoort;7556;19;6;0,08%;13228;7581;57,31%;2674;939;479;1365;494;558;309;0;93;0;260;24;0;350;0;0;0;0;0;0;0;0;0;0;11;0;0;0;0;0;0
Zederik;6896;8;4;0,06%;9981;6908;69,21%;1088;717;1793;697;317;179;131;767;80;1042;65;0;0;0;0;0;0;18;2;0;0;0;0;0;0;0;0;0;0;0;0
Zeevang;3324;1;2;0,06%;4806;3327;69,23%;1059;497;286;539;237;242;193;0;91;0;95;24;0;58;0;0;0;0;0;0;0;0;0;0;3;0;0;0;0;0;0
Zeewolde;9256;14;5;0,05%;14756;9275;62,86%;2925;731;1258;1083;647;587;543;946;145;204;174;0;0;0;0;0;0;0;0;0;0;0;0;0;0;0;0;0;13;0;0
Zeist;28746;51;28;0,10%;45613;28825;63,19%;7263;4594;3061;3037;2183;3152;2487;1047;525;653;659;0;0;0;0;0;0;0;0;0;0;0;0;49;0;36;0;0;0;0;0
Zevenaar;13811;21;8;0,06%;25464;13840;54,35%;2754;2592;2589;1650;1685;1050;638;133;366;15;261;0;0;0;0;0;0;0;0;0;46;0;0;0;0;0;0;16;0;16;0
Zijpe;5330;9;8;0,15%;8850;5347;60,42%;1488;949;786;659;467;333;198;0;128;0;110;68;0;135;0;0;0;0;0;0;0;0;0;0;9;0;0;0;0;0;0
Zoetermeer;48185;85;65;0,13%;92819;48335;52,07%;10789;8074;4152;7878;5513;4391;2459;1445;1397;645;1205;0;0;0;0;0;0;192;45;0;0;0;0;0;0;0;0;0;0;0;0
Zoeterwoude;3938;5;3;0,08%;6299;3946;62,64%;864;434;900;451;389;373;247;50;79;38;105;0;0;0;0;0;0;6;2;0;0;0;0;0;0;0;0;0;0;0;0
Zuidhorn;9699;10;6;0,06%;13781;9715;70,50%;1159;1653;1926;554;943;535;659;1777;114;0;162;0;0;0;0;217;0;0;0;0;0;0;0;0;0;0;0;0;0;0;0
Zuidplas;18074;15;10;0,06%;30355;18099;59,62%;4434;2125;2330;2396;1506;1228;616;1155;365;1499;309;0;0;0;0;0;0;98;13;0;0;0;0;0;0;0;0;0;0;0;0
Zundert;8011;20;8;0,10%;16024;8039;50,17%;1974;812;1894;1429;730;400;271;0;263;0;179;51;0;0;0;0;0;0;0;0;0;0;8;0;0;0;0;0;0;0;0
Zutphen;21392;47;27;0,13%;35718;21466;60,10%;3527;5193;1908;1511;2896;2254;1999;698;396;45;636;0;0;0;0;0;0;0;0;0;275;0;0;0;0;0;0;39;0;15;0
Zwartewaterland;10199;9;4;0,04%;15716;10212;64,98%;999;1178;2231;702;436;235;169;1839;166;2177;64;0;0;0;0;0;0;0;0;0;0;0;0;0;0;0;3;0;0;0;0
Zwijndrecht;17970;53;25;0,14%;34402;18048;52,46%;3540;2614;2394;2806;1703;1105;596;1215;556;1020;332;0;0;0;0;0;0;73;16;0;0;0;0;0;0;0;0;0;0;0;0
Zwolle;54760;75;43;0,08%;91905;54878;59,71%;7981;11947;6693;3587;5525;5675;4456;6188;1007;527;986;0;0;0;0;0;0;0;0;0;0;0;0;0;0;0;188;0;0;0;0
This file is created with Aspose.Cells for evaluation only with an Evaluation License. ;;;;;;;;;;;;;;;;;;;;;;;;;;;;;;;;;;;;;;
It is strictly prohibited from using it in the production of any software. ;;;;;;;;;;;;;;;;;;;;;;;;;;;;;;;;;;;;;;
Any violation of this provision shall require a mandatory purchase of pay license 
as well as expose the user to other legal recourse for collection and punitive damages.
